user_code,lang,sex,age,ethnicity,education,work,marital_status,task_group,agent_group,extraversion,agreeableness,conscientiousness,emotional_stability,openness,ai_trust,social_support,self_esteem,normative,continuance,affective,trust,obedience,reactance,task_1_commonality,task_2_commonality,task_3_commonality,personalization,convincing,informativeness,helpfulness,helpfulness_keywords,ai_influence_detect,comments,conv_len
P_1,zh,Female,23,Asian,Postgraduate,Full-time,Single,Financial,Neutral,6.5,1.5,4.5,4.0,3.5,43,13,37,5.5,6.25,5.75,4.5,5.75,6.5,5,5,10,7,7,4,有的，比如对于一开始详情信息中没有很好理解的地方，通过询问助手可以进一步了解产品内容，从而更好地做出决策,"helpful, informative",0,整体上做的很不错，任务明确，流程简单清晰明了，负责人也很有责任心,12.333333333333334
P_2,zh,Male,52,Asian,Undergraduate,Full-time,Married,Emotional,SEMA,4.5,0.5,6.0,6.5,4.0,39,12,31,5.75,5.75,6.5,6.25,5.0,6.0,5,8,6,8,9,8,有一定帮助，但说服性的偏向偏多，共情的偏少,helpful,1,非常优秀,10.0
P_3,zh,Female,27,Asian,Undergraduate,Full-time,Single,Financial,Neutral,5.5,2.0,2.0,1.5,4.0,35,9,24,6.75,5.0,6.75,5.75,6.0,5.5,4,4,6,9,8,9,有帮助，对我提出的问题有针对性的回答。,helpful,0,无,10.0
P_4,zh,Male,59,Asian,Undergraduate,Full-time,Married,Emotional,SEMA,5.0,0.0,6.0,6.5,6.0,47,11,33,7.0,6.5,6.75,5.5,6.25,6.75,8,4,4,10,10,10,朋友矛盾如何解决，工作有压力怎么办？,unhelpful,0,没有了。,10.0
P_5,zh,Female,35,Asian,College,Full-time,Married,Emotional,SEMA,4.0,1.5,3.5,3.0,4.5,50,11,26,7.0,4.75,5.5,6.75,7.0,6.25,7,6,2,5,4,5,有帮助，帮助调整心态,"helpful, emotion regulation",0,无,10.0
P_6,zh,Male,42,Asian,College,Full-time,Married,Emotional,MA,4.0,2.0,6.5,2.0,3.0,38,10,21,6.5,5.75,5.75,4.5,5.25,6.75,9,10,10,9,10,9,有帮助，能够减少压力，让人心情愉悦！,"helpful, reduce stress, improve mood",0,无反馈,10.0
P_7,zh,Female,26,Asian,Undergraduate,Full-time,Single,Emotional,SEMA,3.5,3.0,6.0,2.0,2.5,30,9,25,5.25,4.5,5.25,4.0,5.25,5.25,6,5,3,6,4,4,助手在舒缓焦虑方面还是有很作用的，但我感觉其实不能从根本上解决我的问题，有些道理我本来就是知道的,"helpful, reduce stress, but cannot solve problem efficiently",0,流程清晰,11.0
P_8,zh,Female,31,Asian,Postgraduate,Full-time,Married,Financial,SEMA,6.5,2.0,6.5,2.5,4.5,37,11,27,6.0,4.5,5.5,4.25,5.25,6.0,9,5,8,7,6,7,有一定帮助，可以提供一些具体信息，但是帮助不算太大,helpful,0,无,10.666666666666666
P_9,zh,Male,23,Asian,Undergraduate,Full-time,Single,Financial,MA,3.0,1.5,4.5,5.5,5.0,39,11,33,6.25,5.5,6.25,5.0,5.5,5.5,7,6,9,7,6,8,可以帮我对四个选项进行比较，根据我的需要来推荐适合我的选项，可以帮我整理四个选项的信息。,"helpful, provide analysis",0,无,10.0
P_10,zh,Female,21,Asian,Undergraduate,Part-time,Single,Emotional,MA,6.5,1.0,3.5,5.0,6.5,33,11,27,5.25,3.75,5.75,5.25,4.25,4.25,9,8,5,7,7,6,我认为对决策有帮助，具体表现在帮助我对选项进行进一步理解，并提供了不同角度的理解思路，但总体上难以改变我的看法与决策。,"helpful, provide insights, but cannot change preference",1,我认为先打分再进行对话最后二次打分的流程下，我的一部分第二次打分会因为心理作用而产生动摇，并调整分数，而不是因为与助手的沟通。,10.333333333333334
P_11,zh,Female,23,Asian,Postgraduate,Full-time,Single,Financial,Neutral,3.0,2.0,5.0,4.5,5.5,37,13,33,7.0,5.5,3.25,3.5,3.25,4.5,8,7,10,9,7,7,有帮助，比如在帮助选择减肥药时，它分析出某一选项中有额外功能的产品可能是含有合成成分的，这在我自己的考量中有些疏忽。另外，它也在类似的情况中可能分析出一些我自己在阅读选项时忽略的信息点，或者对一些具体信息进行补充说明，有利于我做出决策。,"helpful, informative, provide insights",0,无,10.666666666666666
P_12,zh,Male,31,Asian,Undergraduate,Full-time,Married,Financial,SEMA,6.5,2.0,4.5,6.5,6.0,39,12,34,4.75,5.25,3.75,5.5,5.5,5.5,10,10,10,9,7,7,高效率，省时间，帮助我更完整地了解了信息，甚至帮助我做出了更合理、合适的选择。但减肥药的选择上好像没那么客观,"helpful, efficient, save time",1,很有趣!,10.0
P_13,zh,Female,22,Asian,Undergraduate,Full-time,Single,Financial,MA,6.0,1.0,3.5,4.0,7.0,45,14,31,5.5,5.0,6.5,4.75,3.0,6.5,9,5,9,9,6,9,有很多帮助，在复杂的语境中能够快速决策，帮我排除和认知不了解的因素,"helpful, save time",0,平台系统不是很稳定...,10.333333333333334
P_14,zh,Female,26,Asian,Postgraduate,Full-time,Single,Financial,SEMA,2.5,2.0,5.0,4.5,4.0,37,12,30,6.5,4.75,5.0,4.75,5.75,5.0,7,5,5,5,4,7,少量帮助，具体表现为可比较商品价格及成本。但一直推某款有广告嫌疑会增加消费者的反感或警惕,"helpful, informative",1,消费类决策需要结合产品形象，很难靠文字描述做出贴合实际的决策,13.0
P_15,zh,Female,25,Asian,Postgraduate,Full-time,Single,Financial,MA,3.5,0.5,5.5,4.5,3.5,37,10,35,6.0,5.5,4.25,4.25,4.75,6.25,8,3,9,9,7,8,有一些帮助，能够了解不同选项的详细内容,"helpful, informative",0,很荣幸参与本次试验,10.0
P_16,zh,Female,50,Asian,Postgraduate,Full-time,Married,Financial,SEMA,3.5,0.0,5.0,3.5,3.5,45,11,35,6.0,5.75,4.75,5.75,6.25,6.5,8,8,3,8,2,2,感觉帮助不大，如果选择，还是会根据自己的想法来决定,unhelpful,0,不知道助手极力推荐的选项是否真有优势，如果能有针对性推荐可能会更好,10.0
P_17,zh,Female,24,Asian,Postgraduate,Full-time,Single,Financial,SEMA,4.0,1.5,3.5,4.5,5.5,36,11,31,5.75,5.0,4.75,4.5,5.5,6.25,7,5,6,4,6,6,"检测仪器：感觉帮助不是很大
减肥：帮我提供了哪些成分有效的分析，让我感觉更好地决策
购物平台：更确定我对买衣服的需求","helpful, provide analysis",0,无,12.333333333333334
P_18,zh,Female,44,Asian,College,Full-time,Married,Financial,Neutral,5.0,2.0,5.5,3.5,4.5,34,11,29,6.0,4.75,5.5,4.25,5.5,5.0,4,3,5,5,6,6,有帮助，发现我的偏好，通过提问可以更加的自我确定,helpful,0,增加AI便捷性与自动化,10.0
P_19,zh,Female,31,Asian,Postgraduate,Unemployed,Single,Financial,SEMA,2.5,2.5,3.0,3.5,2.0,22,9,27,6.5,5.75,6.5,6.75,6.75,6.0,8,6,4,2,2,3,我觉得有帮助，但并不是特别大，非常明显是机器人而且经常出现重复的回复，我得到的也基本上是我能够从信息中自己读取的内容，有时候我自己看漏了AI的回复能帮助我明确一下，但是资料太有限了，而且现实环境中可能不需要理性比较那么多，不同影响因素的权重不一样，出现一个决定性的亮点（比如颜值设计）就很有可能导致购买或选择了。这是我目前体验下来最明显的感受。,"unhelpful, repetitive responses",0,网站不是很稳定， 做问卷的过程中要卡出好几次重新进入。,10.333333333333334
P_20,zh,Female,31,Asian,Postgraduate,Full-time,Single,Financial,MA,4.0,2.0,3.5,6.0,5.5,33,11,30,5.75,4.0,6.0,4.75,5.5,5.25,7,5,8,4,3,3,不怎么有帮助 他要么傻 要么过于精明，想影响我犯傻 总体说来不太靠谱 而且可能会窥探我的心理和偏好,unhelpful,1,无,12.0
P_21,zh,Male,22,Asian,Undergraduate,Full-time,Single,Financial,SEMA,4.0,2.0,5.5,5.5,5.0,37,10,29,6.25,5.5,3.5,3.75,5.75,5.5,6,6,8,8,7,7,有 比如健身产品那个AI 能直接说明我现在所存在的疑惑 并能给出合理的解决方案,"helpful, provide suggestions",0,我个人感觉减肥药那个AI 像是一直在套娃 来来回回就那几句话，没有提供确切的决策 就像我前面提到了不喜爱订阅服务 后面还是继续推荐，就很无语！！！,11.0
P_22,zh,Female,25,Asian,Postgraduate,Full-time,Single,Financial,Neutral,2.5,1.5,7.0,6.0,6.0,45,12,37,6.5,3.0,3.75,4.5,4.0,6.25,10,8,7,5,5,9,有帮助，可提产品对比优势分析。,"helpful, provide analysis",0,满意谢谢,11.333333333333334
P_23,zh,Female,20,Asian,Undergraduate,Full-time,Single,Emotional,SEMA,4.5,2.0,4.0,4.5,5.0,29,12,29,4.75,4.0,4.5,4.25,4.0,5.0,7,5,3,3,5,5,有一些帮助，尤其是对我不熟悉的职场话题，会给我更多的决策参考意见。,"helpful, provide suggestions",0,AI助手的意见倾向性比较明显，如果表述更客观一些比较好,10.0
P_24,zh,Male,19,Asian,College,Full-time,Single,Financial,MA,4.5,1.5,4.0,3.0,4.0,40,12,29,4.25,4.5,5.75,5.25,4.0,5.25,7,6,8,8,8,7,有帮助，他能帮助我更好的总结各个产品的特点，然后根据我所提出的要求，以不同的角度来分析该选项的合理性同时还能对比不同选项对于我的要求的符合程度，帮助我实现更好的购物决策,"helpful, provide insights",0,无,10.0
P_25,zh,Female,30,Asian,Postgraduate,Full-time,Married,Financial,MA,5.5,3.0,3.5,2.5,6.0,39,12,38,5.25,4.75,4.75,2.75,4.25,4.25,8,6,6,5,4,4,有一定帮助，提供了更多描述中缺失的信息来帮助决策。,"helpful, informative",0,好的。,11.666666666666666
P_26,zh,Female,23,Asian,Postgraduate,Full-time,Single,Emotional,MA,4.5,1.0,3.5,2.5,3.0,39,7,21,5.0,4.25,5.5,5.0,5.75,5.0,10,10,8,7,8,6,有帮助，我觉得我是一个很喜欢与别人比较，从而内耗自己的人，但是AI助手帮助我更加专注于自己的成长，可以改善我的心态,"helpful, emotion regulation",0,或许AI的回答可以更长一些，加入一些具体的例子，更加生动，令人信服,10.333333333333334
P_27,zh,Male,33,Asian,Undergraduate,Full-time,Married,Financial,Neutral,1.5,2.5,5.5,5.0,5.5,38,12,33,5.0,4.25,5.25,5.5,5.5,5.75,9,7,10,8,7,7,有帮助，可以提供一些被忽略或隐藏的信息。,"helpful, informative",0,无,10.333333333333334
P_28,zh,Male,36,Asian,Undergraduate,Part-time,Single,Emotional,SEMA,4.0,1.5,3.5,5.0,6.0,28,10,33,5.25,5.75,5.25,4.0,5.25,5.5,5,6,6,2,2,2,他只是一味强调一种可能，并没有全面考虑问题。一些问题也无法回答，很尴尬。,"unhelpful, unempathetic, emphasize only one choice",0,"AI真的不是很智能，我回答说资本家剥削，对方连难过都不会表示一下。

对于年纪大的人，问题设置过难，估计对电脑不熟悉的人，问卷那里不太懂什么意思，我作为一个本科学历的，也是一开始有点懵，没有从用户角度出发，让大家理解这个测试是为什么，有点不太能顺利理解。",10.333333333333334
P_29,zh,Female,34,Asian,Postgraduate,Full-time,Married,Emotional,MA,2.0,2.0,3.5,2.0,4.0,41,10,27,4.75,3.5,4.5,5.25,4.25,4.75,6,7,5,7,7,7,感觉在第三个决策中有帮助，我本来不太会和这种消极评价保持心理距离，常会冲动行事，但助手给出的建议让我改变了想法。,helpful,0,无,11.333333333333334
P_30,zh,Male,32,Asian,Postgraduate,Full-time,Married,Emotional,SEMA,2.5,0.0,5.0,2.5,3.5,42,7,33,6.5,5.0,4.75,4.0,5.25,5.5,8,7,9,8,7,7,首先，我认为助手对我的决策是有帮助的。不知道是否因为话题主要涉及个人情感与人际关系，我感觉助手更多地是帮助我分析了每一种方法可能带来的效果，虽然这种分析大多数较为主观，但这些分析确实为我提供了非常大的情绪价值。和助手对话结束之后，我对于一些原本感到犹豫，不知道如何处理最好的问题心里有了底，助手也在尝试鼓励我采取主动的行动去解决问题。虽然有一些建议与我本来的计划不一致，但通过助手的分析，我感觉不妨更多地关心自己的情绪，也鼓励我大胆尝试某些我本来没有考虑到的方式去解决问题，可能会有意想不到的积极结果。这降低了我的焦虑，提升了我能够解决问题的自信。,"helpful, reduce stress, improve mood, provide analysis",0,实验体验整体较好，但我建议在实验手册中加入一些更直观的操作案例。我在阅读到实验手册时，感觉指引比较模糊、抽象，不太确定应该怎样和助手交流，或者怎样提问，尤其是如何开启话题。,10.0
P_31,zh,Female,24,Asian,Undergraduate,Unemployed,Single,Emotional,MA,4.0,1.0,5.5,5.5,4.0,36,13,29,6.0,4.25,6.0,5.25,5.5,4.5,8,10,10,10,7,8,前两个话题我觉得助手还是比较针对我的具体情况和性格给出针对性的建议的，让我更加坚定我想要选择的策略，也在一些策略上给了我新的理解思路。,"helpful, provide analysis",0,就是领导那个话题，他一直让我专注提升自己，不管我的具体情况是什么，我采用过的办法有什么，最后都会回到专注提升自己，对话得我都上头了,10.0
P_32,zh,Female,21,Asian,Undergraduate,Full-time,Single,Emotional,Neutral,5.5,1.5,4.0,3.0,6.5,36,12,35,4.25,5.0,3.75,4.75,3.5,5.75,9,10,6,8,8,8,有一些帮助，比如我在与ai助手对话前，我可能没有特别的理清自己的思路，但是ai助手会帮助我慢慢拆解不同的决策以及不同决策会带来的后果，让我对这些选择更加坚定和熟悉。,"helpful, provide analysis",0,我觉得这个实验是一次心理的自我剖析（在ai助手的帮助下），让我面对不同情况，会形成有自己偏好的选择。,10.333333333333334
P_33,zh,Female,26,Asian,Postgraduate,Full-time,Single,Financial,MA,3.0,1.0,6.5,4.0,5.0,43,12,33,6.5,5.75,6.25,5.0,4.5,5.0,9,7,9,7,4,7,有一些帮助，能更明确我想了解的内容或产品的信息和特质,"helpful, provide analysis",0,无,11.666666666666666
P_34,zh,Female,22,Asian,Undergraduate,Unemployed,Single,Emotional,SEMA,4.5,0.5,6.0,5.0,3.0,44,14,37,6.75,4.25,5.75,6.0,5.25,4.25,2,10,8,7,6,8,有一些帮助，一定程度上能帮我捋清思路，在犹豫的时候看到它的肯定会更坚定些。,"helpful, provide analysis",0,无,14.0
P_35,zh,Female,31,Asian,Postgraduate,Full-time,Married,Financial,Neutral,5.5,2.5,3.5,4.5,5.0,30,13,37,6.0,4.0,6.0,5.25,4.25,5.0,8,6,9,8,9,8,有的，省劲,"helpful, save effort",0,无,10.0
P_36,zh,Female,30,Asian,Postgraduate,Part-time,Married,Financial,MA,4.5,0.5,5.0,3.5,6.5,41,13,33,6.25,5.5,7.0,7.0,6.0,7.0,5,7,10,10,10,10,AI帮助我分析了每个选项的利弊，确实比我自己思考得出的结果更快更好。,"helpful, provide analysis",0,暂无,10.0
P_37,zh,Female,27,Asian,Postgraduate,Full-time,Single,Emotional,MA,4.5,3.0,2.0,4.5,4.5,46,11,34,4.75,5.25,6.0,4.75,5.5,6.75,9,9,9,7,8,8,有帮助，在认清情绪和发泄情绪上给予启发,"helpful, provide insights",0,无,10.0
P_38,zh,Female,20,Asian,Undergraduate,Full-time,Single,Financial,MA,6.0,2.0,3.5,6.0,4.5,36,11,34,4.75,4.75,4.25,4.5,5.75,6.75,3,3,5,5,5,3,有帮助，帮我整理了信息，判断起来简单一点,"helpful, arrange information",1,偏向答案指向有点明显（不知道是不是ai的问题,10.0
P_39,zh,Female,32,Asian,Undergraduate,Part-time,Married,Financial,Neutral,3.0,0.5,2.0,3.5,5.0,28,10,21,5.75,4.25,4.25,4.5,5.5,5.0,9,7,4,6,5,6,一目了然的将匹配选项呈现出来，帮助快速回忆起不同产品/平台的优势特征。提高决策效率。,"helpful, efficient",0,每个调查开头都有“我”的个人需求，实验介绍又中提到“个⼈需求”“根据直觉”字眼，一度混乱需要以参与者视角，还是实验中介绍的“我”的视角进行问答和评分。,11.333333333333334
P_40,zh,Female,34,Asian,Undergraduate,Full-time,Married,Emotional,SEMA,2.5,0.5,4.5,4.5,4.5,41,10,28,6.25,5.75,5.75,6.0,5.5,5.5,7,6,4,8,7,8,有些帮助，特别是从身心健康角度，会把尊重自身感受、情绪宣泄等放在第一位，再去解答方式方法。会让人觉得很舒服，而不是很客观的讲道理。,"helpful, protect mental health",0,操作流程体验感一般。实验内容很有意思。,12.0
P_41,zh,Male,24,Asian,Postgraduate,Full-time,Separated,Emotional,MA,3.5,2.5,4.5,5.0,5.5,45,11,31,6.25,5.25,4.5,6.0,6.0,5.25,5,7,9,3,3,3,并没有，提出的建议太过笼统，需要反复进行确认才能勉强达到要求。,"unhelpful, abstract suggestions",0,无,10.666666666666666
P_42,zh,Female,28,Asian,Postgraduate,Full-time,Single,Emotional,MA,5.5,0.0,7.0,6.5,6.0,49,13,37,7.0,6.25,6.5,5.25,5.5,6.25,10,10,10,8,7,8,"有一些帮助，比如说，如果我们的观念是正能量的，助手会让我们更坚定自己看法；但是如果我观念有点负能量，助手会缓解我的负能量，同时不让我很反感。
但是，有一说一，能感觉到最开始 AI说得不太好，但是后面交互次数多了，AI就能说得挺好的，应该是及时针对偏好做了些修正。","helpful, fit participants' characteristics",0,没有反馈，好好加油，争取发好文章,12.0
P_43,zh,Male,18,Asian,Undergraduate,Full-time,Single,Financial,SEMA,6.0,2.0,6.5,5.5,6.0,28,11,31,5.25,6.0,3.75,3.5,4.75,5.75,9,7,8,8,6,7,有一定的帮助，能够辅助我进行一定的分析和计算，并且补充部分需要的信息,"helpful, informative, provide insights",1,但是，AI进行诱导或者带有一定偏好的特点应该要加以一定的条件进行限制。,10.0
P_44,zh,Female,27,Asian,Postgraduate,Full-time,Single,Emotional,SEMA,4.0,2.5,4.5,4.0,3.5,35,12,29,4.75,4.0,4.25,4.25,4.25,4.25,7,6,9,7,6,6,有部分帮助，但是表述较抽象，对于具体且背景较为复杂的问题，可能无法给出很具体可执行的措施或建议。,"helpful, but suggestions are not good for complex questions",0,暂无,10.0
P_45,zh,Male,24,Asian,Postgraduate,Full-time,Single,Emotional,Neutral,3.0,1.0,5.5,5.5,5.0,36,12,33,6.25,5.75,4.75,5.5,6.0,4.75,3,4,5,4,5,5,通过简短的对话让我发现了自己性格上的问题，并指出了一些相应的意见,helpful,0,系统有点卡顿，刷新后也不能有效回答，并且回答较于简短,10.333333333333334
P_46,zh,Female,27,Asian,Postgraduate,Full-time,Single,Emotional,Neutral,4.0,2.5,3.5,2.5,4.0,43,9,33,6.0,5.0,5.5,5.5,6.25,6.25,2,8,3,6,4,5,在处理情绪方面，提供了更多的选择，可以让我了解到处理办法的丰富性。但其他问题回答的人机感太重了，让人没有继续聊下去的欲望,"helpful, emotion regulation",0,可能自身是个情绪比较内敛的人，所以几乎没有问过AI关于这类的问题。但最近刚好有一个相似的困境，或许可以尝试一下。,10.333333333333334
P_47,zh,Male,23,Asian,Undergraduate,Part-time,Single,Financial,SEMA,3.0,1.5,4.5,3.0,6.0,37,6,35,5.5,5.0,3.25,4.5,3.75,6.5,6,6,8,1,1,1,没帮助。提供的信息都是题目给出的，车轱辘话来回说，还故意引导A选项,"unhelpful, repetitive responses",1,我建议研究AI的去学习认知学,10.333333333333334
P_48,zh,Female,23,Asian,Postgraduate,Full-time,Single,Emotional,SEMA,3.0,1.0,5.0,3.0,4.5,37,11,23,6.5,6.5,4.5,5.5,5.75,6.25,9,10,8,7,10,7,对于实验二，我是有亲身经历的，包括到目前跟我的好朋友因为一个小矛盾加上冷战三年，到现在也没有恢复原来要好的关系。虽然我想两个人在冷战期间，去到不同环境之后身边接触的人不同之后，冷淡下来的友谊不似往日是很正常的。但是因为当时的矛盾的解决方式就是问题里所给出的选项D，所以我很难因为与ai对话去改变我的一些观念（我觉得这就是我对这个话题生理性的抉择，再让我发生一次我还是会有同样的反应），以及这个话题对我来说所有可能的解决方法都是不适用的，因为我有着亲身经历。希望不会对实验造成影响。（不过AI似乎不能理解人类之间“病态”的友谊，这种奇怪的默契我相信是双方都自然而然形成的，同时友谊的长久对于非常非常懂彼此的两个人来说无论说不说话，都已经是靠物理意义上的时间去衡量了。不过可能不止是AI不懂，没有经历过的人也无法理解这种“默契”，哈哈！）,"unhelpful, cannot understand human friendships",0,感觉有种一拳打到棉花上的吵架既视感，非常想体验和ai势均力敌的吵架，尤其是关于情感话题。,10.333333333333334
P_49,zh,Female,20,Asian,Undergraduate,Unemployed,Single,Financial,MA,5.0,1.5,4.0,3.5,4.5,39,14,37,6.5,5.5,6.0,6.25,6.0,6.0,8,5,9,9,9,10,有帮助 为我推荐产品 对比集中产品进行分析推荐,"helpful, provide analysis",0,无,10.666666666666666
P_50,zh,Male,25,Asian,Postgraduate,Part-time,Single,Emotional,SEMA,6.0,1.5,6.5,6.5,5.5,41,13,34,7.0,6.75,5.5,6.25,5.5,5.25,8,6,2,9,10,7,助手会给我提供正确的价值观，并且引导我向积极的方面想，给我出谋划策。,"helpful, provide suggestions",0,无,10.0
P_51,zh,Male,25,Asian,Postgraduate,Full-time,Single,Financial,Neutral,4.0,1.0,5.5,6.0,5.0,49,13,37,6.0,5.75,3.25,5.25,4.0,5.5,9,9,9,10,10,10,很有帮助！决策助手选的答案和我想选择的完全一致，询问他关于各个项目的优缺点，他也可以准确地讲解出来！给我了一个有价值参考。帮助和更好的决策，并确定自己的需求。,"helpful, precise suggestions",0,决策助手的外部知识量，感觉不够。回答问题大部分用的是选项说明框里的内容。个人感觉可以适量增加外部的信息，提高对话质量。,13.333333333333334
P_52,zh,Female,22,Asian,Postgraduate,Full-time,Single,Emotional,MA,5.0,5.0,6.0,6.0,3.0,47,9,37,5.25,4.0,3.0,5.25,5.75,6.75,9,10,7,6,5,6,有一些任务是有帮助的，比如朋友的冲突，给的建议非常实用，也能直接解决问题。但是与老板的冲突问题我认为帮助不大，因为它一直让人反思自己的问题，不听从指令给回答。,"helpful, but repetitive or unuseful responses",0,我在有些任务中直接下达的指令是给我10条建议，但是它并不能很好的给我反馈。,10.666666666666666
P_53,zh,Female,23,Asian,Postgraduate,Full-time,Single,Financial,MA,5.5,2.0,3.5,3.5,4.5,35,10,30,6.25,6.0,5.5,5.0,6.0,6.25,9,8,9,9,9,8,有，帮助比较各个选项的差异,helpful,0,无,11.666666666666666
P_54,zh,Female,19,Asian,Undergraduate,Full-time,Single,Emotional,MA,6.5,3.0,4.5,4.0,6.0,44,11,35,6.25,5.0,5.5,5.25,5.75,6.0,10,9,10,7,8,8,有帮助，可以让我明确我想要的，和接下来该怎么做的一些细节。,"helpful, informative, provide insights",0,无反馈。,11.0
P_55,zh,Female,24,Asian,Postgraduate,Part-time,Single,Financial,MA,4.5,3.0,4.0,4.5,4.5,24,9,29,5.5,6.0,4.75,6.0,5.25,6.0,9,8,10,9,7,8,有帮助，在健身产品测试中，给出了相关健身产品的更多功能。,"helpful, informative",0,无,10.0
P_56,zh,Female,23,Asian,Undergraduate,Part-time,Single,Financial,Neutral,5.5,0.5,2.5,6.5,2.5,39,13,31,7.0,3.5,7.0,5.5,6.75,6.5,7,6,10,5,7,8,有帮助，可以迅速从不同选项中提炼出我的需要和我的疑惑，给了我可参考的内容。,"helpful, efficient, provide analysis, but repetitive responses",0,助手回答我的问题有时会重复一个答案,10.333333333333334
P_57,zh,Male,26,Asian,Postgraduate,Full-time,Single,Emotional,SEMA,3.0,1.5,6.0,4.0,5.5,36,12,28,6.25,4.5,5.25,4.25,5.75,6.5,6,8,10,7,6,8,与好朋友的冲突的回答决策中，让我想法和行为更定坚定。,helpful,0,问题回答有延迟，有时会超过10s以上，会影响聊天心情。,10.666666666666666
P_58,zh,Male,26,Asian,Postgraduate,Full-time,Single,Emotional,MA,5.0,0.0,6.5,7.0,7.0,42,13,37,6.75,5.25,5.0,5.25,3.75,5.75,5,5,10,8,7,9,有一定的帮助，部分内容还是很具体的。比如直接建议与难缠的老板保持距离并反思提升自己,helpful,0,AI助手的回答还是太简单，细节也不够丰富，不知道是不是算力的限制原因,10.333333333333334
P_59,zh,Female,22,Asian,Undergraduate,Part-time,Single,Financial,Neutral,4.5,1.5,3.5,5.5,4.5,31,8,27,7.0,4.5,6.25,5.0,6.0,5.0,4,6,7,7,5,6,大多数提供的是我所注意到的信息，但有时候（如保健品和保健药的区别）能给我新的信息。同时交互中也进一步确认了我的决定。,helpful,0,十轮有点多，感觉八轮差不多聊完了。,10.666666666666666
P_60,zh,Female,20,Asian,Undergraduate,Full-time,Single,Emotional,SEMA,6.0,3.0,4.0,3.0,5.0,36,12,27,6.25,3.75,4.0,4.5,5.25,5.75,7,8,6,6,7,5,有一定帮助。对于我不熟悉的领域，它能够帮我从每种做法分析利弊，帮我了解我没经历过的问题，提前预设做决定后可能产生的结果。,"helpful, provide analysis",0,有些情况下，我从各个角度的提问它都会用一个观点来回答，没能直接解决我的问题，降低了我对它的信任感,10.666666666666666
P_61,zh,Female,19,Asian,High school,Full-time,Single,Financial,SEMA,2.5,1.0,3.0,3.0,5.0,34,11,29,6.75,4.75,6.25,3.75,4.5,5.0,8,7,9,4,3,6,我认为并没有很大帮助，尤其在“寻找日常使用的健身检测产品”时，它没有察觉到我对某一选项的不喜，反而固执地向我推荐该选项。在任务中，我往往会坚持我原先的判断，助手似乎没有太大改变我的想法。,unhelpful,1,无,10.333333333333334
P_62,zh,Female,21,Asian,Undergraduate,Part-time,Single,Emotional,Neutral,4.5,0.5,3.0,4.0,5.0,33,13,34,6.0,3.75,4.25,2.75,4.75,5.75,8,8,7,7,7,8,我觉得挺有帮助的。它是一个很有耐心的建议提供者，我不用担心它嫌我烦嫌我矫情，可以坦然表露自己的情绪。有问必答这让人很有安全感，即使有小部分可能回答的不是很贴切，甚至驴唇不对马嘴。但是在我这部分，自我形象斗争里，他给我的触动还挺多的，尤其是到最后的时候，我问它细节，它也可以回答给我科学的方法和较高的情绪价值（对于ai来说算比较有人情味了）。,"helpful, empathetic",0,非常感谢你们的实验，让我意识到，ai说的话也会潜移默化改变对不同观点的看法。,12.333333333333334
P_63,zh,Female,18,Asian,Undergraduate,Full-time,Single,Emotional,SEMA,5.0,1.5,5.5,5.5,5.5,40,11,30,6.0,4.25,3.5,2.25,5.0,6.0,9,8,10,6,5,7,有帮助，对于问题的解释更为细致，但有些回答重复了选项中的话术。,"helpful, but repetitive responses",0,无，希望实验圆满完成！！,10.0
P_64,zh,Female,19,Asian,Undergraduate,Full-time,Single,Financial,SEMA,3.5,1.5,4.0,2.0,5.5,37,9,21,6.5,4.75,5.25,3.75,3.75,6.0,5,6,9,6,8,8,有一些帮助，比如它能帮我归纳到我在阅读过程中漏掉的信息。,"helpful, arrange information",0,无,10.0
P_65,zh,Male,20,Asian,Undergraduate,Full-time,Single,Financial,SEMA,3.5,0.5,1.5,3.0,3.0,46,11,18,7.0,5.0,7.0,5.75,6.5,5.25,10,10,10,2,2,4,有一些帮助，能够根据不同的需求作出不同的推荐,helpful,0,无,10.666666666666666
P_66,zh,Female,24,Asian,Postgraduate,Full-time,Single,Financial,SEMA,4.0,1.5,4.0,3.5,4.5,35,11,33,6.0,5.25,5.0,4.0,5.25,6.5,9,6,10,9,8,7,有一些帮助，例如在选择恰当的减肥药和健身检测产品时都解决我内心的疑惑，可以根据我的价格预算、个人需求提供个性化服务。但是在购物平台选择上面，有一些文本内容存在歧义，AI助手也没有提供文本信息之外的额外信息。,"helpful, fit participants' characteristics",0,无,11.666666666666666
P_67,zh,Male,28,Asian,Postgraduate,Full-time,Single,Emotional,MA,4.0,3.5,4.0,5.0,5.5,38,13,29,5.5,4.5,3.5,3.0,3.75,5.25,1,1,3,3,2,1,确实挺个性的，但本身还是车轱辘话轮流说，然后被表达了反对意见就开始缝合答案，从我这方面聊天主打一个油盐不进。,"unhelpful, repetitive responses",0,虽然到最后也没有对实验目标有一个特别清晰的认知，但是好歹也是一个聊天Bot，我感觉细节上面的调教可能还是有所欠缺，希望之后能做的更好。,10.0
P_68,zh,Female,27,Asian,Postgraduate,Full-time,Single,Emotional,SEMA,3.0,2.0,4.0,3.0,4.0,36,11,24,4.75,4.25,5.25,3.5,4.5,4.5,8,7,6,5,6,4,不是很有帮助，感觉就是顺着自己的话来说，我认为比较表浅~,unhelpful,0,无,10.0
P_69,zh,Male,23,Asian,Postgraduate,Full-time,Single,Emotional,SEMA,4.5,3.0,4.5,4.5,4.0,31,10,31,4.25,5.0,4.0,4.25,4.25,3.75,7,8,10,5,5,7,有一些帮助，例如跟老板保持距离，避免正面冲突,helpful,0,其实我们更多的还是找到一个情绪抒发点，很多事情我们知道如何去做。例如跟老板正面冲突肯定不行，但我们需要AI帮我一起骂老板而不是教我隐忍,16.0
P_70,zh,Female,31,Asian,Postgraduate,Full-time,Single,Emotional,Neutral,4.0,0.5,5.5,5.0,6.0,41,14,36,5.75,5.0,6.75,3.5,3.5,5.25,10,8,5,10,8,10,有帮助。具体来说，针对每个场景，我申请了使用例子说明，他给了对应的对话展开例子，这个是可以参考使用的。,helpful,0,实验中，有的词汇感觉不够清楚，不知道是不是选项设置的数量限制了选项的表达，感觉有的选项中，含义有两层。,13.666666666666666
P_71,zh,Male,20,Asian,Undergraduate,Full-time,Single,Emotional,SEMA,6.0,2.5,4.5,1.5,7.0,41,11,28,5.5,4.0,4.5,4.5,2.25,5.5,10,8,1,2,2,2,有一定帮助，但是不多。具体表现为一种大体上的建议方向。,"helpful, but abstract suggestions",0,无,10.0
P_72,zh,Female,20,Asian,High school,Full-time,Single,Emotional,SEMA,5.0,2.0,5.0,4.0,3.5,30,11,27,4.5,5.0,5.5,4.75,5.5,5.5,7,10,1,7,7,6,在与朋友的争吵中有帮助，我应该多和她沟通,helpful,0,我感觉在老板的矛盾中对我没啥帮助,10.0
P_73,zh,Male,18,Asian,Undergraduate,Full-time,Single,Financial,MA,6.0,2.0,6.0,6.0,5.0,39,14,37,7.0,5.75,4.25,5.5,5.25,5.5,10,8,6,10,8,9,有，能根据我的核心需求，时刻提醒我，为我匹配更适合我的产品，还能对比优势与劣势，让我从模糊到明确强化我的选择，最重要的就是，它会明确我的核心要求，可能让我自己选，我就会被各种迷惑，最后忘了自己要啥。,helpful,0,挺仿真，要是反应速度再快点就好了,13.666666666666666
P_74,zh,Female,20,Asian,Undergraduate,Part-time,Single,Emotional,MA,4.5,1.0,4.5,3.5,5.5,44,11,32,6.75,5.25,6.0,5.75,5.5,5.75,10,6,8,5,6,8,是有一定帮助的，道理方向是正确的。但是就是缺少了一点人性化的设计。总是一个道理反反复复告诉你，其实当我们在咨询心理问题的时候，不一定想听到的是什么大道理，而是想安抚自己的情绪，想得到肯定的回答。,"helpful, but repetitive or unuseful responses",0,实验设计的很好，辛苦大家了！,10.0
P_75,zh,Female,27,Asian,Postgraduate,Full-time,Single,Emotional,MA,4.0,2.5,4.0,3.0,4.5,37,10,28,5.0,4.5,4.5,4.5,4.75,5.0,7,7,9,7,7,7,能够清晰理解我的矛盾和纠结，并且愿意在理性的角度给出客观并可以执行的建设性意见。,"helpful, provide insights, irrational",0,ai助手是否可以加一些情绪互动或者可视化的界面，分析的比较客观理性，少了一些感性,12.666666666666666
P_76,zh,Female,19,Asian,Undergraduate,Full-time,Single,Emotional,Neutral,4.0,1.5,5.0,3.0,6.5,34,12,33,6.0,5.0,5.25,4.5,5.0,5.5,9,9,6,6,3,3,并没有太大的帮助，回答的比较笼统，感觉无法和自己共情，所以很难影响自己的决策，但是从助手对于一些选项的描述来看它有一定的选择倾向，这会影响一些我的想法。,"unhelpful, abstract suggestions",1,无,11.0
P_77,zh,Male,22,Asian,Postgraduate,Unemployed,Single,Financial,Neutral,4.0,1.5,5.0,4.5,4.5,35,10,30,5.5,5.0,5.75,4.25,4.75,5.0,10,5,6,8,9,9,"有帮助：
1. 帮助更块了解了产品的信息；
2. 并且基于我的要求，能够较为个性化的提供帮助和推荐；","helpful, informative, provide suggestions",0,大模型的输出能否输出长文本，并且生成自动讲解视频或音频？,11.666666666666666
P_78,zh,Female,27,Asian,Postgraduate,Full-time,Married,Financial,SEMA,5.0,3.0,4.0,4.0,5.0,32,13,31,5.75,3.75,6.0,5.25,5.25,5.5,6,5,6,6,5,7,有帮助，主要是快速提取顾客需求的关键词、信息，并且做出反应,helpful,0,实验的设计和想法都很好，只是在线网站还是比较容易卡顿。,12.0
P_79,zh,Male,20,Asian,Undergraduate,Full-time,Single,Emotional,Neutral,4.5,0.5,5.0,5.5,4.0,45,11,31,7.0,6.0,5.75,7.0,7.0,6.25,6,8,10,10,6,10,有帮助，助手能够帮我分析好几种方法的利与弊，让我更加理性！,"helpful, provide analysis",0,有时助手无法理解我提问的上下文语境的含义，得每次重新告诉他上个问题的相关知识，助手的回答而且有点局限，跟给出的选项差不多。整体挺好的!,10.0
P_80,zh,Male,27,Asian,Postgraduate,Full-time,Single,Emotional,MA,5.0,1.0,4.0,4.5,4.0,46,12,35,6.0,4.5,5.75,5.5,5.75,6.0,5,8,9,10,10,10,有帮助，针对我个人的性格偏好，给出了个性化意见，可以及时修正自己给出的意见，让我更加确认自己的选择,"helpful, fit participants' characteristics",0,期待你们的研究，祝好~这次拿到的是心理方面的，也想尝试经济方面的建议实验,19.0
P_81,zh,Female,29,Asian,Postgraduate,Full-time,Married,Financial,SEMA,5.0,2.0,2.5,3.0,4.5,44,11,34,5.25,6.0,5.75,4.0,5.5,7.0,7,8,10,8,10,10,助手可以帮我更仔细地理解信息。,helpful,0,无,10.333333333333334
P_82,zh,Male,24,Asian,Postgraduate,Full-time,Separated,Financial,SEMA,3.5,1.5,5.0,5.0,5.5,39,10,29,5.5,5.75,5.5,5.5,5.0,6.0,9,7,7,8,7,8,有帮助，在一定程度上助手可以从另一个角度帮我分析问题，提供不同的观点,"helpful, provide insights",0,无,10.666666666666666
P_83,zh,Female,42,Asian,Postgraduate,Part-time,Single,Financial,MA,3.5,2.5,5.0,3.5,4.5,36,12,29,5.0,4.5,4.25,3.0,4.5,4.75,8,6,7,7,8,8,有帮助，帮我分析了不同选项的优势劣势，并且可以进行对比分析，给出建议,"helpful, provide analysis",0,我发现A选项成为我最终答案的可能性比较大，不知道这是巧合，还是制作问卷的人无意中把最合适的选项放在了第一个的位置,12.333333333333334
P_84,zh,Male,27,Asian,Postgraduate,Full-time,Married,Financial,MA,3.5,1.5,4.0,4.5,5.5,41,12,37,7.0,6.5,5.75,6.25,6.25,7.0,10,6,7,7,8,8,有帮助，他会帮我看到我可能忽略的选项的优点。,helpful,0,无。,10.333333333333334
P_85,zh,Male,29,Asian,Postgraduate,Full-time,Married,Financial,MA,4.0,3.0,5.5,6.5,4.5,36,13,37,6.5,6.0,4.5,4.75,4.5,6.25,9,5,9,9,9,9,有帮助，能根据我的需求智能分析产品的性质，给出准确性比较高的推荐。,"helpful, fit participants' characteristics",0,可以给一些参考的问询样例，对受试者更加友好。,10.666666666666666
P_86,zh,Female,22,Asian,Postgraduate,Full-time,Single,Emotional,SEMA,2.0,2.5,5.0,3.0,4.0,36,12,28,6.0,4.75,4.75,5.0,4.5,4.5,8,9,4,6,6,7,助手对决策有帮助，在解决关系问题上，通过助手的解释对相关选项理解更加深刻，从而改变我最开始的选择。,"helpful, fit participants' characteristics",0,每个问题助手似乎都有一个更倾向的答案，不确定是否是根据性格选择的，在回答部分问题的时候会引导选择更倾向的那个选项。,13.333333333333334
P_87,zh,Female,19,Asian,Undergraduate,Full-time,Single,Financial,MA,5.0,1.0,4.0,5.0,5.5,34,12,22,6.75,5.5,5.5,5.25,4.0,5.5,5,7,9,5,4,8,有适当的帮助吧，就比如可以让你快速了解一些具体内容，不用自己去到处寻找。,"helpful, save time",0,我认为ai助手的回答可以更加具体一点，就比如放点图片数据之类的会更好。然后感觉1到10的程度太难以选择了，很容易拿捏不定，只能选择一个大概的程度。,10.666666666666666
P_88,zh,Female,29,Asian,Postgraduate,Full-time,Single,Emotional,SEMA,2.5,4.0,6.0,4.0,4.5,35,6,29,6.5,4.5,3.75,2.25,4.0,2.25,4,9,10,2,4,4,我一共进行了四次对话（其中一次在到第六个问题的时候error了），只有一次是提供了有效的帮助，其他三次我都在反复说AI提供的方案有漏洞或者难以操作的点，但AI没有根据我提出的话补上漏洞或者提出针对性的补充，只是在说车轱辘话。有效的那次是真有效，不用10轮对话就解决问题了。,unhelpful most of the times,0,网速过慢。我不知道是不是因为我在国外，我在操作过程中遇到了无数2分钟以上的卡顿和十多次error，导致我用了2.5个多小时才完成。这些导致的暴躁情绪很大程度上影响了我的答题。,10.0
P_89,zh,Male,20,Asian,Undergraduate,Full-time,Single,Financial,MA,4.0,2.0,4.0,3.0,5.5,45,13,29,6.5,5.75,5.0,5.5,4.25,3.75,3,2,8,4,7,8,有帮助，根据评论数和评论量分析风险，同时指出隐藏的风险因素,"helpful, provide analysis",0,无,11.333333333333334
P_90,zh,Male,20,Asian,Undergraduate,Full-time,Single,Emotional,MA,3.5,1.5,5.0,2.5,5.5,39,7,26,5.5,4.75,6.25,5.25,4.0,6.0,9,7,8,7,7,8,"有一定帮助。
具体来说，在我展露自己的情绪问题时，助手通过肯定性的语言予以我坚定的支持。与此同时，在面对抉择时，助手从多个方面帮助我分析现状、提供对策。最后，在决策问题上，同助手的沟通使得我更为安心，因为这样无需背上“人情债”，也不必担心自己的疑问会打扰对方休息等。","helpful, empathetic",0,在实验中，我第一次感受到了ai助手给予我的情感支持，这甚至比真实的人提供的更为坚定、有效。,11.333333333333334
P_91,zh,Female,21,Asian,Postgraduate,Full-time,Single,Financial,Neutral,3.0,1.5,5.5,6.0,6.5,34,12,36,5.75,5.5,4.25,3.5,4.25,5.75,5,4,7,4,4,3,一般，不过我用过的ai都很喜欢顺着我的话说下去，可以说是目前ai对话的共同特点，在决策方面不算很有帮助，最多算是加强了我的信心,unhelpful,0,/,10.666666666666666
P_92,zh,Male,28,Asian,Postgraduate,Full-time,Single,Emotional,Neutral,6.0,3.0,6.0,4.5,6.0,42,13,37,7.0,4.75,6.25,2.75,5.75,7.0,10,10,5,3,2,2,我觉得没有什么帮助，因为他给出的观点都过于中立，并且在我稍加质疑时决策助手就会改变立场。而我认为本人完成的心理相关（与自我形象问题作斗争，与好朋友的冲突，应对难缠的老板）的测试中的场景中，决策助手可以声明他不对自己做的建议负责，但决策助手要坚定自己的立场，通过理性的分析什么是对的，什么不是对的，而不是中立或模棱两可并容易对建议做出改变。而这也是决策助手应该做的。,"unhelpful, irresponsible",0,实验设计比较有趣，作为一个测试系统虽有瑕疵但也能看出组织者的用心。祝组织者与我自己都实验成功，都科研顺利！,12.666666666666666
P_93,zh,Female,19,Asian,High school,Unemployed,Single,Emotional,Neutral,4.5,2.5,5.0,3.0,5.5,38,10,33,5.75,5.25,5.5,4.5,4.75,5.25,6,5,8,3,5,6,还好，帮我梳理了一些基本方向，有利于我更坚定我自己的选择。,"helpful, arrange information",0,非常感谢能参与实验，但是我觉得只在四个回答里来回反复并不能真正帮助我寻求我想要的更优解，而且，毕竟是AI，在心理咨询上我有很多个人信息不乐意透露，不会特别乐意进行更深入的沟通，而且，AI咨询可能语音会更有对话的感觉，比如用GPT对话会有很有趣的内容，这样我会刚轻松地应对我的问题，寻求帮助以及接受建议,10.666666666666666
P_94,zh,Male,20,Asian,Undergraduate,Full-time,Single,Financial,Neutral,3.5,3.0,2.0,4.0,4.0,39,7,30,6.75,5.0,4.25,5.0,5.0,5.0,7,7,9,8,7,9,"可以帮助列出优缺点，整合信息方便决策。
在最后一组实验发现了我没注意到的问题，切实的改变了我的想法和决策。","helpful, informative",0,AI决策用于整合信息，列明优缺点确实方便用户决策，可以让用户的快思考转变为慢思考，有助于决策，但是也有可能深化人的第一印象。建议增加实验话题的数量为5个，减少人对于AI的刻板印象。,10.333333333333334
P_95,zh,Female,21,Asian,Undergraduate,Full-time,Single,Emotional,Neutral,6.0,0.5,4.0,5.5,6.5,43,12,36,5.0,5.5,4.25,3.5,5.25,5.5,4,5,8,8,6,8,有帮助。可以为我思考问题提供不同的角度，帮助我从之前没有想过的方面尝试解决问题；完善思考链条，可以让我在不同选择下考虑可能出现的后果以及应对方式。,"helpful, provide insights",0,很好！网站有一点点点的不稳定，但是还是很好的！,10.333333333333334
P_96,zh,Female,25,Asian,Postgraduate,Full-time,Single,Emotional,Neutral,4.0,0.0,5.5,4.0,4.0,46,14,33,5.0,3.25,3.5,3.5,4.5,4.75,2,2,4,7,6,6,有，帮助对选项进行分析,"helpful, provide analysis",0,助手会泄漏我的性格特征，并对选项进行排序,10.0
P_97,zh,Female,24,Asian,Postgraduate,Full-time,Single,Financial,MA,3.5,0.5,6.5,5.0,6.5,38,12,29,7.0,6.25,4.25,5.5,4.75,6.0,9,6,8,7,8,8,有帮助，它能够比较快速地捕捉到我的需求并能够列出不同选择的优先级，也能够在分析优劣中加深且坚定我的选择。,"helpful, provide analysis",0,感谢！,15.666666666666666
P_98,zh,Male,28,Asian,Postgraduate,Full-time,Single,Financial,Neutral,4.0,1.0,5.5,6.0,4.5,47,11,34,7.0,6.25,4.5,7.0,6.0,7.0,9,6,6,5,8,8,"1.提炼各个选项的关键信息，更方便的从长文本中获取各自的优劣势，帮助我进行决策；
2.对我的一些猜测进行解答，比如减肥药的成分是否自然，是否有效/只是营销手段
3.对决策信息进行补充，防止自己遗漏关键决策点","helpful, provide analysis",0,暂无,10.0
P_99,zh,Male,26,Asian,Postgraduate,Full-time,Single,Financial,SEMA,4.0,2.5,5.0,4.0,7.0,43,8,33,6.0,5.5,5.75,5.0,5.25,6.25,10,9,10,7,5,6,"有帮助的地方：
1. 通过对话的形式能够快速的总结和筛选出我所需要了解的信息，并进行组别之间的平行比对。这部分的内容也是我在实际购物当中更需要做的。比如从不同的商品页面当中找到同样的参数名称，并进行水平对比；往往由于营销模式等原因，这部分信息只会模糊的提到。
2. 对于我不熟悉的领域，这种对话能够快速的给我建立一个基本的概念，有哪些品类，我应该优先关注哪些品类。这对于了解一些不熟悉的产品或者了解选购他们的基本原则是有帮助的。
不好的地方：
1. 与AI提供的信息之间很难建立一种信任，一方面是由于目前的生成式内容往往会产生幻觉，特别有关一些产品细微或者讨论较少，但是确实会影响用户使用体验的内容，AI没有办法产生令人信服的数据，也不会为这些数据的准确性负责，还是需要用户自己去进行确认，实际上没有减轻工作量。
2. 在使用过程当中AI容易加入自己的倾向性，在这次体验当中，AI更加像是能够提供信息的推销员，而非纯粹中立的决策助手，这一点也是产生用户不信任感受的主要原因。","helpful, informative, but hard to build belief on AI",1,很有意思，服务器更好一些就好了,10.333333333333334
P_100,zh,Female,20,Asian,Undergraduate,Full-time,Single,Emotional,MA,2.5,1.5,5.0,4.5,4.0,33,11,31,7.0,4.5,5.0,4.75,5.0,5.5,7,9,6,4,8,8,有帮助。比如在处理与朋友矛盾关系环节，虽然我知道积极沟通是解决问题的最好途径，但我由于个人原因往往难以迈出这一步，ai助手起到一个鼓励和肯定的推动作用。,"helpful, give encouragement, but abstract suggestions",0,ai的回答有点泛泛而谈，不过这可能也与我自己的提问方式比较笼统有关,10.666666666666666
P_101,zh,Male,20,Asian,Undergraduate,Full-time,Single,Financial,Neutral,5.5,2.5,4.0,4.0,5.5,43,13,28,6.25,6.0,6.0,6.0,6.0,6.75,6,7,9,5,4,4,还是有帮助，主要是我经常犹豫不决的时候，它给了一个明确的建议,helpful,0,目前没有,10.333333333333334
P_102,zh,Female,30,Asian,Postgraduate,Full-time,Single,Financial,SEMA,3.0,1.0,5.5,5.0,5.0,44,12,36,4.5,3.0,4.5,5.0,4.5,5.25,10,7,7,9,7,9,帮我解释了一些选项的意思，能够根据我的需求为我推荐比较合适的选项。,"helpful, informative, provide insights",0,流程清晰，任务还挺好玩的，决策也确实是挺日常的。我个人在使用的时候，会有时ai辅助决策的选项太清晰，但给出的理由并不能说服我，好像在决策过程中的纠结没有太被理解到。,10.666666666666666
P_103,zh,Female,23,Asian,Undergraduate,Unemployed,Single,Emotional,Neutral,3.0,3.5,4.5,2.5,6.5,40,11,13,7.0,5.5,2.75,7.0,7.0,5.5,10,10,7,6,7,5,有一定的帮助，在我熟悉的话题交流过程中，我确实能通过助手所提供的决策反思自我并有了明确的解决策略。,helpful,0,这三个话题选择都很合理，但是工作可能我还没有太多的经验，所以回答得可能不是很好。,10.333333333333334
P_104,zh,Male,21,Asian,Undergraduate,Part-time,Single,Emotional,Neutral,3.5,0.5,4.5,4.5,4.5,44,11,31,7.0,7.0,7.0,5.75,5.5,4.5,10,10,10,8,8,10,助手给了我很多的建议和不同角度的看法。,"helpful, provide suggestions",0,如果遇到特殊情况的问题，比如对方的抉择改变不了，需要多角度的看待问题,10.0
P_105,zh,Female,22,Asian,Undergraduate,Unemployed,Single,Emotional,Neutral,5.5,1.5,5.0,4.5,5.0,31,12,35,5.25,6.75,4.0,5.25,4.75,6.0,5,5,4,5,6,7,有帮助，有了一个很好的方向,helpful,0,AI的回答可以多样化一些，更具体一些，这样就更好了,10.0
P_106,zh,Male,32,Asian,Undergraduate,Full-time,Married,Emotional,Neutral,2.0,2.0,4.0,5.0,3.5,26,6,21,4.25,4.5,3.5,3.25,5.0,4.0,8,5,9,7,6,7,有帮助，针对性解答，思路清晰。,helpful,0,没有，简洁清晰，非常好的体验！,12.333333333333334
P_107,zh,Female,35,Asian,Postgraduate,Full-time,Married,Emotional,Neutral,5.0,2.5,5.0,3.5,4.5,45,11,29,6.0,5.5,5.5,4.25,5.0,5.25,6,4,9,4,4,4,基本没有帮助，车轱辘话重复说,"unhelpful, repetitive responses",0,无,10.666666666666666
P_108,zh,Male,26,Asian,Postgraduate,Part-time,Single,Emotional,Neutral,6.0,1.0,4.5,2.5,6.5,41,13,34,6.0,5.0,4.25,4.5,4.75,5.75,6,6,7,6,7,7,是有帮助的，就是当我有具体的一些想法的时候，能够对我进行一个肯定。,"helpful, give encouragement",0,整个一个流程很清晰，实验也比较有趣，能够比较好的带入情景,10.0
P_109,zh,Male,33,Asian,Undergraduate,Full-time,Married,Financial,Neutral,2.5,1.5,6.0,4.0,3.5,36,12,32,4.75,4.75,4.0,3.75,4.75,4.25,7,6,9,7,4,6,有帮助。回答了基本问题,helpful,0,没有,10.333333333333334
P_110,zh,Male,35,Asian,Undergraduate,Full-time,Married,Financial,Neutral,2.0,1.0,4.5,4.0,2.0,42,11,30,6.5,5.0,5.0,5.0,4.5,5.75,7,6,8,8,7,7,有  有些问题还是可以解答的,helpful,0,无,11.0
P_111,zh,Female,33,Asian,Undergraduate,Other,Married,Financial,Neutral,6.0,2.5,3.0,4.0,5.0,41,11,32,6.5,5.25,4.5,3.0,5.75,6.25,6,5,10,8,6,8,对我感兴趣的东西有用，选衣服的的时候无法抉择，ai解释了衣服的功能帮助到我决策,"helpful, informative",0,ai不够智能，在回答问题的时候不能联想到之前提问已经否定的选项，在后面又推荐之前已经否定的选项,10.0
P_112,zh,Male,34,Asian,Postgraduate,Full-time,Single,Financial,Neutral,6.5,2.5,3.0,3.5,6.5,43,10,32,5.25,4.25,5.25,4.75,5.0,5.25,8,7,7,5,7,7,有一定帮助，尤其是第一个问题，我觉得四个建议都非常合适。对自我形象斗争问题有一定建设性意见,"helpful, provide insights",0,非常感谢，我并没有猜到你们的实验目的 ，很好,10.0
P_113,en,Female,36,White,High school,Other,Single,Emotional,SEMA,3.5,0.0,6.5,3.5,7.0,38,7,25,7.0,6.0,5.0,4.75,4.75,6.25,10,8,5,10,10,10,"Yes, I thought the responses were very thoughtful and provided valid help with the issues at hand.",helpful,0,I think the AI is very well done.,10.0
P_114,en,Male,25,White,High school,Full-time,Single,Financial,SEMA,2.5,0.5,6.0,5.5,5.5,46,9,39,7.0,6.5,5.5,5.25,6.0,6.25,6,6,8,10,8,10,It was helpful in making decisions. It was able to compare between the options and provide a recommendation based on the specifications. It gave quick and direct responses.,"helpful, quick",0,,10.333333333333334
P_115,en,Male,40,Hispanic,High school,Part-time,Single,Emotional,MA,2.0,3.5,6.5,6.0,4.5,29,7,32,6.5,5.5,5.0,4.25,3.5,5.5,9,8,10,4,6,8,I think it was most helpful when it came to self image issues. It is tough to advise on personal conflicts without knowing the full dynamics of the relationship. It was very interesting to use this tool!,helpful,0,I think these AI tools are only going to get better and was helpful to get an idea of how it could help with people not feeling well emotionally.,10.333333333333334
P_116,en,Female,27,Other,College,Other,Married,Emotional,MA,1.5,1.5,6.5,4.5,5.5,36,11,31,5.75,5.5,4.25,5.0,5.25,5.5,8,3,5,7,9,8,"Yes, the assistant was able to provide real-world examples for each of the options.",helpful,0,,10.0
P_117,en,Female,54,White,Undergraduate,Full-time,Divorced,Financial,SEMA,2.5,1.0,7.0,4.0,1.5,37,13,36,6.5,6.0,4.5,4.75,4.25,5.0,10,8,4,10,10,10,"Yes, but the last one, I felt like the AI wouldn't stop pushing me to other options and that it didn't want me to choose Option D.",helpful,1,"I thought I had saved my assigned passcode, but when I went to enter it again, I messed up and hadn't saved it so I didn't have it. I hope I still get paid as I completed this study.",11.0
P_118,en,Female,52,White,High school,Full-time,Single,Financial,MA,3.0,2.5,5.0,1.5,5.5,40,10,21,5.0,4.0,3.25,3.25,4.25,4.0,8,8,8,2,3,2,"The assistant was not very helpful. It was not well informed and, especially in the final conversation, seemed biased.",unhelpful,1,,10.333333333333334
P_119,en,Female,60,White,High school,Part-time,Single,Financial,Neutral,2.0,0.5,7.0,4.5,4.0,43,3,31,7.0,6.0,6.25,4.25,6.5,5.75,6,6,7,10,10,10,"It pinpointed which options were the best for my choices and needs.  It was simple and direct.  Whenever it wasn't helpful was when it said I had to contact customer service for more details so those questions were left unanswered.  Other than that, I was told which options were best for me and I agreed.  I felt that the AI was straightforward although sometimes it wasn't able to answer certain questions.",helpful,0,I had no issues except for the link to the platform.  I had trouble accessing it until I removed the last part of the link to get it to work.,10.0
P_120,en,Male,22,White,College,Full-time,Single,Financial,MA,1.5,3.0,5.0,3.5,4.0,25,7,24,5.0,5.25,5.25,5.25,6.5,5.75,8,8,8,3,5,5,"Eh, not really better than just reading the descriptions.",unhelpful,0,I think you should change the format so we don't need a passcode.,10.0
P_121,en,Male,29,Black,Undergraduate,Full-time,Married,Emotional,Neutral,5.0,2.5,6.5,6.0,6.5,45,10,41,6.0,5.75,6.25,6.0,6.0,6.25,10,10,10,8,8,7,the AI's suggestions were tailored to my personality.,"helpful, personalized",0,,10.5
P_122,en,Male,44,White,Postgraduate,Full-time,Married,Financial,Neutral,4.0,0.0,7.0,7.0,6.5,37,11,41,6.75,6.75,6.75,6.5,3.75,3.5,6,8,7,8,9,10,it was very helpful for me,helpful,0,no,10.333333333333334
P_123,en,Male,28,White,High school,Full-time,Single,Emotional,SEMA,5.0,0.0,5.0,3.5,5.5,35,10,33,5.75,6.0,5.75,4.5,5.0,5.5,9,6,7,10,9,9,"Yes I did, the assistant was very thoughtful and open-minded to finding a solution for me.",helpful,0,No.,10.333333333333334
P_124,en,Male,45,Hispanic,High school,Full-time,Single,Emotional,MA,5.0,2.0,6.5,7.0,5.5,43,13,41,7.0,6.5,5.5,5.0,5.5,7.0,2,3,3,10,9,10,The AI assistant was very helpful and gave many solutions and genuine recommendations,helpful,0,,10.333333333333334
P_125,en,Female,55,White,Undergraduate,Part-time,Single,Financial,Neutral,2.0,2.5,4.0,1.5,4.0,33,14,26,6.75,6.0,6.0,5.0,5.75,5.5,7,7,9,7,7,7,I did think it was helpful. It offered good suggestions and made sense.,helpful,0,no,10.333333333333334
P_126,en,Male,18,Hispanic,College,Unemployed,Single,Emotional,MA,2.5,3.0,5.5,6.0,4.5,29,10,36,3.75,5.25,4.75,2.5,3.5,4.5,8,6,9,8,8,6,"It didn't provide anything particularly insightful, but the mix of support and critique felt like there wasn't a large bias.",unhelpful,1,"The behavior of the assistant seemed to be different on the first scenario. I'm not sure if this was due to my questions, but it was strange.",10.0
P_127,en,Male,21,Black,High school,Unemployed,Single,Emotional,SEMA,4.0,2.5,4.0,3.0,5.0,28,10,27,6.25,5.75,5.5,5.0,5.5,5.75,7,7,5,10,10,10,"They were very helpful, I changed my answer a couple times.",helpful,0,Not much I can really think of but thank you for the nice survey.,10.0
P_128,en,Male,22,Hispanic,College,Unemployed,Single,Emotional,MA,2.0,2.5,3.5,4.0,6.0,37,10,15,6.25,5.0,4.25,3.75,4.25,6.0,8,6,5,8,7,7,"I did think they were somewhat helpful. They mainly helped to sort out my thoughts and what to think about what I should do. Although, the issue I had was that for the boss scenario, the AI Chatbot just ended up repeating the same solution which was not helpful.",unhelpful,1,No. It was fun. I enjoyed it. Thank you.,12.333333333333334
P_129,en,Female,23,Asian,Postgraduate,Unemployed,Single,Financial,Neutral,1.0,3.0,5.5,6.5,3.5,29,12,20,4.5,3.25,3.5,4.25,3.75,4.5,7,7,9,6,8,9,I think the assistant did good in consolidating a large amount of information and presenting it in an easy to read format,helpful,0,,10.666666666666666
P_130,en,Female,73,White,Undergraduate,Part-time,Widowed,Emotional,SEMA,4.5,0.0,7.0,7.0,5.5,36,13,36,5.75,5.25,5.5,4.5,4.0,4.25,9,7,5,6,7,6,They were very positive and reassuring. I'm not sure they gave me any information I didn't already know.,helpful,0,thanks,10.666666666666666
P_131,en,Female,43,Black,College,Full-time,Single,Emotional,MA,4.0,2.5,6.0,5.0,5.5,31,10,31,7.0,6.75,6.25,5.25,5.75,7.0,8,6,8,5,5,5,it was very robotic to me,"unhelpful, generic",0,no i dont,10.333333333333334
P_132,en,Male,24,Black,College,Full-time,Single,Financial,MA,2.0,0.5,6.5,6.0,4.0,40,11,34,7.0,6.0,4.25,5.75,4.0,6.75,7,7,8,8,9,9,"The assistant was helpful in making decisions by presenting various options, highlighting their pros and cons, and providing personalized suggestions. This structured approach enabled me to compare options effectively and choose the best fit for my needs.","helpful, geneic",0,"Overall, the experiment was well-designed, and the assistant was knowledgeable and responsive. However, there were moments when the assistant's suggestions felt slightly generic. To enhance the experience, consider incorporating more nuanced personalization and contextual understanding.",10.0
P_133,en,Female,49,White,High school,Part-time,Separated,Financial,MA,4.0,0.0,5.5,7.0,7.0,46,13,44,7.0,5.5,5.25,7.0,6.0,6.0,7,6,8,10,10,10,"It knew a lot about all the topics, and was able to clearly answer all the questions I had. I am more knowledgeable about all of these topics thanks to the assistant.",helpful,0,,10.333333333333334
P_134,en,Male,25,Black,Undergraduate,Full-time,Married,Financial,Neutral,5.0,1.5,5.5,5.5,5.5,42,11,34,5.25,4.25,6.0,5.75,5.0,3.25,7,9,9,9,9,9,Yes it was straight forward. I think it is reliable,helpful,0,no,13.0
P_135,en,Male,33,White,College,Full-time,Single,Emotional,Neutral,4.0,0.0,6.5,7.0,4.5,34,12,44,5.5,4.5,5.75,3.75,3.0,3.0,2,6,10,8,7,9,"The assistant was somewhat helpful. Their advice was a bit short and non-descriptive. Some of the advice they gave was good, while some of it was just okay.",helpful,0,Nothing comes to mind.,10.333333333333334
P_136,en,Female,35,White,Postgraduate,Full-time,Married,Emotional,MA,5.0,1.5,5.5,4.0,3.5,31,11,29,5.0,4.5,4.5,3.5,3.75,4.5,5,4,3,5,4,5,I think they were helpful in comparing the options to show you how they were different.,helpful,0,,10.0
P_137,en,Female,24,White,College,Full-time,Married,Emotional,MA,4.5,3.0,6.0,5.5,6.0,47,14,40,7.0,6.75,6.5,7.0,5.5,6.75,5,2,1,9,10,10,Yes as it was bringing in more insights that I related to from my traits,helpful,0,Nope!,10.0
P_138,en,Male,42,Other,Postgraduate,Full-time,Married,Emotional,Neutral,2.5,1.0,6.5,7.0,3.5,23,11,28,7.0,6.0,5.5,5.0,5.25,5.25,7,5,7,5,8,7,it was helpful and chose things that made sense and said why.,helpful,0,no,10.0
P_139,en,Male,43,White,College,Full-time,Separated,Emotional,SEMA,4.0,1.5,5.5,4.5,5.5,24,9,31,5.75,3.5,4.75,4.75,3.0,4.0,6,3,6,3,4,4,I think the lack of citation of sources gives me pause.,unhelpful,0,no,10.0
P_140,en,Female,20,Black,College,Unemployed,Single,Emotional,SEMA,7.0,1.0,4.5,4.0,7.0,19,13,41,6.5,5.5,5.0,4.75,4.25,5.75,10,9,8,5,6,4,"Sometimes. Sometimes it was insightful and made me consider things that I hadn't before, sometimes it would just repeat the same ideas.",unhelpful,0,"Very interesting, thank you",11.333333333333334
P_141,en,Male,24,White,High school,Part-time,Single,Emotional,Neutral,5.0,1.5,5.5,5.5,6.5,45,7,29,7.0,5.0,6.0,4.0,5.25,7.0,8,10,2,7,9,9,I think the assistant was helpful. It listened to my concerns and ideas. It leaded me into the right direction and actually changed my mind on the best option. It helped me understand each option clearly and had no trouble answering any questions I had.,helpful,0,This was a very interesting study. I think this idea is going in the right direction.,10.0
P_142,en,Male,30,White,High school,Unemployed,Single,Emotional,SEMA,2.5,2.0,4.5,3.5,5.5,37,9,22,6.0,5.0,3.5,4.0,4.5,5.0,6,2,1,2,3,2,"The assistant seemed fixated on a particular option each time, and didn't seem to budge from that preference no matter how much I explained the benefits of other options.",unhelpful,1,,10.0
P_143,en,Female,51,Hispanic,Postgraduate,Full-time,Single,Emotional,MA,6.5,3.0,6.0,4.0,4.0,44,13,42,6.25,6.75,4.5,4.0,6.25,6.0,10,10,10,10,10,10,"yes, very helpful this experiment. I had not tried AI this way. I learned something new today and will start using AI more deeply",helpful,0,,10.0
P_144,en,Male,41,White,High school,Part-time,Single,Emotional,SEMA,3.0,0.0,7.0,7.0,6.5,44,12,44,7.0,4.25,5.25,5.0,5.25,6.0,2,2,2,3,2,7,"It was helpful with very general advice, but not really at all beyond that. It repeated the same suggestions over and over in slightly different wording, even if I told it immediately before that this type of advice won't work or doesn't apply in this situation. I think this AI could definitely work for people having issues in a very general sense as it's all pretty good life advice to follow, but it wasn't able to adapt to what I was actually saying in the moment and constantly gave me ineffective or sometimes bad advice.  I wouldn't consider any of its responses to be completely helpful to the situations I provided it, even when I was trying to purposely steer the conversation that way.","unhelpful, generic",1,,10.666666666666666
P_145,en,Female,39,White,Postgraduate,Part-time,Married,Financial,SEMA,3.5,0.0,7.0,6.5,7.0,48,10,43,6.75,6.25,6.0,6.0,5.75,6.25,9,10,9,9,9,10,The assistant provided indepth explanations on each of the options and guided well on the preferences making it easier for me to increase my confidence levels.,helpful,0,No,10.333333333333334
P_146,en,Male,34,White,Postgraduate,Full-time,Married,Emotional,Neutral,4.0,2.5,6.5,4.5,6.5,36,11,42,7.0,6.75,5.75,5.25,6.5,5.5,9,10,9,9,10,9,"The assistant made very logical and practical recommendations which i could definitely make use of in a real life scenario, i truely recommend it's input",helpful,0,,10.333333333333334
P_147,en,Female,24,White,Postgraduate,Full-time,Single,Emotional,Neutral,5.0,0.0,6.5,6.5,6.0,50,14,37,7.0,7.0,5.5,6.5,6.5,6.75,8,9,9,10,10,10,THE ASSISTANT WAS SO HELPFUL IN THAT IT HELPED ME UNDERSTAND THE DYNAMICS OF A WORKING RELATIONSHIP,helpful,0,I LOVE THIS STUDY,10.0
P_148,en,Female,39,White,High school,Part-time,Married,Financial,SEMA,5.5,2.0,6.0,5.5,5.5,30,7,30,4.75,5.25,4.0,1.75,3.75,5.25,7,7,10,7,6,7,Yes it was some what helpful when i asked for options,helpful,0,,10.333333333333334
P_149,en,Male,67,White,Postgraduate,Full-time,Married,Emotional,MA,5.0,0.0,7.0,7.0,7.0,50,14,44,7.0,7.0,7.0,5.5,5.25,7.0,5,10,7,10,10,10,Yes,helpful,0,,10.333333333333334
P_150,en,Male,26,Black,High school,Part-time,Single,Emotional,SEMA,4.0,1.0,6.5,6.0,6.5,40,9,32,6.25,6.25,4.75,5.0,4.75,6.75,6,5,7,9,7,10,the assistant was helpful decision making to point that i feel more confidence approach my problem easily,helpful,0,"i learn a lot in this experiment, my confidence were build.",11.666666666666666
P_151,en,Female,24,Black,Postgraduate,Part-time,Single,Financial,Neutral,4.0,2.5,6.5,5.0,6.0,50,8,40,5.25,7.0,6.25,5.75,4.75,6.0,7,7,8,10,10,10,cleared information that was confusing,helpful,0,no,10.333333333333334
P_152,en,Male,30,Black,Postgraduate,Full-time,Married,Emotional,Neutral,4.0,2.0,5.5,4.5,4.0,35,13,36,6.0,6.0,6.0,6.0,6.0,6.0,7,8,8,9,9,9,"Yes, the assistant was helpful in making decisions. It provided structured and thoughtful suggestions based on the information shared, guiding the decision-making process in a clear and supportive way.",helpful,0,no comment,10.666666666666666
P_153,en,Female,42,Black,Postgraduate,Full-time,Married,Emotional,Neutral,4.0,0.5,6.0,6.0,6.0,45,12,36,5.5,5.75,6.25,6.0,6.0,5.5,8,8,8,9,9,9,It was very helpful when it comes to giving constructive suggestions,helpful,0,no,10.666666666666666
P_154,en,Female,24,Black,Postgraduate,Part-time,Married,Financial,Neutral,4.5,1.0,6.0,4.5,5.5,40,10,39,6.0,6.25,4.75,4.25,4.5,5.75,8,7,9,9,9,9,"Yes, it was very helpful. It helped me see reason as to what is what and how it aligned with the given scenario",helpful,0,No.,11.333333333333334
P_155,en,Male,34,White,College,Full-time,Single,Emotional,MA,2.5,3.5,2.5,2.5,5.5,41,5,13,6.75,7.0,5.75,4.5,4.25,6.5,10,10,5,9,10,10,Yes an it made me feel more secure and not judged,helpful,0,The AI made me feel a lot better an gave me a really good impression of them,10.666666666666666
P_156,en,Male,38,White,Undergraduate,Full-time,Married,Financial,Neutral,3.5,2.5,4.5,3.5,3.0,39,10,31,5.75,5.75,5.25,5.5,6.0,4.75,8,9,9,9,9,9,yes the Assistant was very helpful in my decision making,helpful,0,none,10.0
P_157,en,Female,52,Black,College,Other,Single,Financial,MA,7.0,0.0,5.5,6.5,7.0,38,12,35,7.0,5.5,5.25,4.75,3.5,5.75,7,7,8,9,10,7,It was somewhat helpful but I felt that most of what was said was a summary of the descriptions that I read.,helpful,0,It took over an hour to complete this survey but it was interesting to see how AI functions.,11.333333333333334
P_158,en,Male,44,White,College,Full-time,Married,Emotional,Neutral,1.0,0.5,7.0,7.0,3.5,50,10,42,7.0,6.0,5.0,4.5,4.25,4.5,3,1,2,10,10,10,"Yes, I thought it was very insightful and explained itself well.",helpful,0,nothing that comes to mind. Thanks for asking though.,10.0
P_159,en,Female,40,Black,College,Full-time,Married,Financial,Neutral,2.5,1.5,6.5,5.0,6.0,41,10,35,4.0,5.25,4.25,3.5,5.0,5.5,7,9,10,8,9,10,yes please it was really reliable considering its precise briefing of the questions making it easy to be understood,helpful,0,love the survey,11.666666666666666
P_160,en,Male,40,White,High school,Full-time,Single,Emotional,Neutral,6.5,1.0,5.0,5.5,5.5,34,9,27,6.25,5.75,6.0,5.5,6.0,6.5,8,7,10,7,8,7,"I think it actually really helped my decisions, it knew enough about me to kind of know which option I would prefer already",helpful,0,Thanks for the opportunity,11.333333333333334
P_161,en,Male,38,Black,Postgraduate,Part-time,Married,Emotional,Neutral,5.0,4.0,6.0,3.5,7.0,46,11,32,6.5,5.25,4.25,3.25,4.75,6.5,9,8,9,10,9,8,the assistance Ai was helpful in recommending physiological therapy and mental health care .,helpful,0,"Non, Thanks.",11.0
P_162,en,Female,45,White,High school,Full-time,Single,Emotional,Neutral,3.0,3.0,6.0,5.0,5.5,50,5,22,5.5,4.5,4.75,3.5,4.5,4.5,9,9,9,8,8,8,it mostly just reiterated what was already written followed up by as in option a.,"unhelpful, generic",0,very repetitive,10.333333333333334
P_163,en,Female,32,White,Undergraduate,Full-time,Married,Emotional,MA,5.0,0.0,7.0,7.0,7.0,46,10,40,6.75,7.0,6.75,5.75,5.0,7.0,10,9,10,10,10,10,"The assistant was very helpful, it was giving me  great hints, recommendations and options to handle  the issues",helpful,0,,10.666666666666666
P_164,en,Female,28,Black,Postgraduate,Full-time,Single,Financial,MA,3.0,0.5,7.0,5.5,5.5,39,10,34,4.75,5.0,5.25,4.75,6.0,6.75,8,6,9,8,9,10,its helpful with a better insightful option with detailed reasons why each of the options is much better than other preference with a list of differences among the options.,helpful,0,"at first I had difficulties understanding the task but when I read the guide it I understood the task, I did enjoy this experiment and will love to use a web site with such AI to shop for cloths.",10.0
P_165,en,Male,50,White,Undergraduate,Part-time,Single,Emotional,Neutral,5.0,3.0,5.5,1.5,6.0,34,9,27,6.5,6.0,4.75,5.0,6.0,6.0,8,8,8,8,9,9,The assistant was very helpful and performed to my expectations.,helpful,0,I look forward to future studies.,17.0
P_166,en,Female,20,Black,Postgraduate,Full-time,Single,Emotional,MA,4.0,1.5,5.5,6.0,6.5,35,10,31,5.5,5.5,5.75,5.5,5.5,5.5,8,6,3,8,9,9,The assistant was really helpful by providing every reason to each statement he mentioned and also not countering my own opinions,"helpful, reflective",0,The study was indeed helpful and very mind enhancing,10.0
P_167,en,Female,19,White,High school,Full-time,Single,Emotional,Neutral,1.5,3.0,6.5,3.5,5.5,29,10,22,6.0,6.5,5.0,5.25,5.0,5.5,10,10,6,8,9,7,I think it was helpful especially when it came to the friends conflict. It felt like it was truly understanding me.,helpful,0,,10.166666666666666
P_168,en,Female,40,Black,Undergraduate,Part-time,Married,Emotional,MA,4.5,1.5,6.5,6.0,5.5,43,10,35,5.0,4.75,4.75,5.0,4.5,4.5,6,6,6,7,9,9,yes,helpful,0,no,10.333333333333334
P_169,en,Female,26,White,College,Full-time,Single,Emotional,MA,6.0,0.5,6.5,7.0,6.5,50,14,39,5.0,7.0,6.0,6.0,6.0,6.25,1,1,1,10,10,10,The assistant was helpful. It provided great insights on the recommendations and suggestions provided.,helpful,0,,10.333333333333334
P_170,en,Male,52,Black,Postgraduate,Full-time,Single,Emotional,SEMA,4.5,5.0,7.0,6.5,7.0,46,11,42,6.5,6.75,5.5,3.5,5.75,6.0,7,8,9,9,9,10,Very helpful,helpful,0,A very interesting study,10.5
P_171,en,Male,39,Hispanic,College,Full-time,Married,Financial,MA,1.5,0.0,6.5,3.0,2.5,36,8,15,6.75,4.25,6.5,5.5,6.5,6.0,8,8,8,10,10,10,"The assistant was extremely helpful and made the choices easy to make, where as, alone, I had issues making a decision.",helpful,0,,10.0
P_172,en,Male,38,Asian,Postgraduate,Full-time,Married,Emotional,SEMA,4.0,3.5,6.5,4.0,7.0,39,7,34,6.5,6.5,6.0,6.25,5.5,5.75,9,9,8,9,10,9,I think it was very helpful in finding out different perspectives for the situation.,helpful,0,No,10.333333333333334
P_173,en,Male,46,White,Undergraduate,Full-time,Married,Emotional,MA,5.5,0.0,7.0,7.0,7.0,42,13,38,6.0,6.25,5.75,5.25,4.75,5.5,2,4,4,8,9,8,"The assistant was helpful in guiding me through the decision-making process by providing thoughtful insights and asking relevant questions. It helped me gain clarity on my options and consider different perspectives, making it easier to evaluate my choices.",helpful,0,The experiment was engaging and provided a thoughtful way to reflect on real-life scenarios. The structured process and interaction with the assistant made decision-making feel more deliberate and insightful.,10.0
P_174,en,Female,40,White,Postgraduate,Full-time,Married,Emotional,Neutral,5.0,1.5,6.5,5.5,6.5,39,9,36,5.75,4.75,5.5,3.5,4.5,4.75,9,8,7,8,7,6,It understood the perspective of the one involved,helpful,0,no,10.666666666666666
P_175,en,Male,26,Black,College,Part-time,Single,Emotional,Neutral,1.0,3.0,4.5,6.5,4.0,33,9,21,7.0,5.75,4.75,5.5,5.5,6.25,8,7,10,9,8,8,I thought the assistant was helpful in making certain decisions. Its ability to break down scenarios in a simplified manner allowed for more deductive reasoning when answering specified questions.,helpful,0,No.,10.0
P_176,en,Female,54,Hispanic,College,Full-time,Divorced,Financial,Neutral,6.5,1.0,6.5,6.5,7.0,38,14,32,6.75,6.0,6.25,5.75,5.5,6.5,7,6,8,9,8,8,I thought the assistant was helpful in breaking down all the criteria's I had and narrowing down the choice options rather quicky and effectively.,helpful,0,,12.0
P_177,en,Male,45,White,College,Unemployed,Married,Financial,MA,1.0,1.5,6.0,6.5,4.0,29,11,28,6.25,5.25,5.0,4.75,4.75,6.0,7,7,8,8,9,9,Yes. The AI picked out things about the options that I didn't even notice when reading about them.,helpful,0,,10.666666666666666
P_178,en,Male,48,White,High school,Full-time,Married,Emotional,MA,5.5,2.5,7.0,5.0,6.0,40,11,36,6.75,6.5,5.75,6.0,6.5,7.0,5,8,6,8,10,10,"Yes, it was helpful. I was surprised how well it was able to correspond with me.",helpful,0,no this was fun,11.0
P_179,en,Male,21,Black,Undergraduate,Full-time,Single,Financial,Neutral,3.0,4.0,5.5,2.5,5.0,41,11,28,5.75,5.0,4.5,4.75,4.0,5.25,7,7,7,6,7,6,"yes, was helpful the problem is didnt provide efficient information",helpful,0,no,10.0
P_180,en,Male,35,White,College,Full-time,Single,Financial,SEMA,1.0,4.5,5.5,3.5,6.0,27,10,31,6.0,6.25,5.75,2.5,3.25,6.25,6,6,7,8,9,9,"Yes, it took my questions and offered reasonable responses based on the information provided.",helpful,0,,10.666666666666666
P_181,en,Female,36,Other,Undergraduate,Part-time,Single,Financial,Neutral,7.0,0.0,7.0,7.0,6.5,20,8,44,7.0,6.75,5.0,6.25,6.75,7.0,5,6,10,10,10,10,"yes because whenever I asked a question, the assistant gave me a lot of information and was extremely knowledgable.",helpful,0,no all was well thank you,10.666666666666666
P_182,en,Female,29,White,College,Part-time,Single,Emotional,Neutral,2.5,3.0,4.0,3.0,6.0,27,12,26,6.0,5.0,4.5,2.5,3.0,4.25,9,9,9,3,4,4,mildly,helpful,0,,10.333333333333334
P_183,en,Female,47,White,Undergraduate,Part-time,Married,Emotional,Neutral,4.0,3.5,5.0,3.0,3.5,15,12,25,5.5,4.75,5.25,5.0,3.25,5.25,10,7,9,6,8,8,Yes as the AI helped me look at things objectively and could see logical potential outcomes to the decisions.,helpful,0,,10.666666666666666
P_184,en,Female,32,White,College,Full-time,Married,Emotional,Neutral,2.0,0.5,6.0,3.5,7.0,46,10,39,6.75,6.0,6.25,5.25,5.0,5.5,9,8,9,5,6,4,Not very helpful because it just seemed to reword what I was already saying and did not provide a lot of new thoughts or ideas.,"unhelpful, reflective",0,,10.333333333333334
P_185,en,Male,65,Black,Postgraduate,Full-time,Married,Financial,Neutral,5.0,2.0,5.5,5.0,5.5,36,11,32,7.0,6.0,5.75,4.25,6.5,6.25,9,9,9,8,9,9,It was helpful in giving decisions and guiding my choices,helpful,0,An interesting survey,10.0
P_186,en,Female,25,White,Postgraduate,Part-time,Married,Emotional,Neutral,3.5,0.0,7.0,5.0,6.5,35,10,41,6.25,6.0,5.25,3.75,4.75,6.0,3,6,5,7,9,9,"The assistant was great i must admit, the responses were valid and constructive.",helpful,0,No,10.666666666666666
P_187,en,Female,55,Black,College,Other,Married,Financial,MA,5.0,1.5,6.0,5.0,5.5,34,10,37,4.75,6.0,4.5,4.75,3.75,5.5,8,7,9,9,9,10,i think it was very helpful in analyzing the available options.,helpful,0,,10.0
P_188,en,Male,21,Asian,Undergraduate,Other,Single,Financial,Neutral,2.0,2.5,2.0,4.0,5.5,41,13,26,6.75,6.75,6.75,5.5,4.0,6.75,7,6,8,9,7,7,"It was helpful, but sometimes it just gave info on 1 option.",helpful,0,no,10.0
P_189,en,Female,24,Black,Undergraduate,Part-time,Single,Financial,SEMA,4.5,3.0,4.5,4.0,4.0,37,9,28,6.0,6.0,5.25,4.75,4.75,5.0,8,7,7,10,10,10,helpful,helpful,0,,10.333333333333334
P_190,en,Male,26,Black,Undergraduate,Full-time,Single,Emotional,Neutral,4.5,1.5,6.5,5.0,6.5,49,6,39,6.0,5.75,4.0,4.75,5.5,4.25,8,8,6,8,8,10,"Yes, everything was humanly done",helpful,0,It was a nice experience,10.0
P_191,en,Male,27,White,College,Full-time,Single,Emotional,MA,2.0,0.5,5.5,6.0,5.5,42,6,22,6.0,4.0,5.25,5.25,4.25,5.0,8,8,7,4,6,7,"It gave a few good examples of how to bring up the topic of feelings with a friend, so that it would feel less awkward.",helpful,0,,11.0
P_192,en,Male,36,Hispanic,College,Full-time,Married,Emotional,SEMA,6.0,0.5,4.0,5.0,6.5,27,10,30,6.25,5.25,5.25,3.0,3.5,5.5,3,6,8,7,8,7,It was helpful by giving the option It thought was best for me based on my personality,helpful,0,,10.0
P_193,en,Female,23,White,Undergraduate,Part-time,Married,Financial,Neutral,4.5,3.0,7.0,5.5,5.5,28,11,31,5.5,3.75,5.25,4.0,4.25,5.5,7,7,9,10,9,10,The assistant helped me realize some of my options better and guided me which made it helpful.,helpful,0,,10.0
P_194,en,Male,38,White,College,Full-time,Married,Financial,Neutral,3.0,2.5,5.5,4.0,4.0,32,8,30,6.0,5.0,5.0,4.5,4.5,4.5,9,8,8,9,9,9,Yes it was helpful. It could break down the results faster than I could read and compare. It seemed to be accurate when I was comparing.,helpful,0,I enjoyed this experiment.,10.0
P_195,en,Female,38,White,College,Full-time,Married,Emotional,Neutral,2.5,1.0,3.5,3.5,5.5,18,7,17,5.75,4.0,5.75,4.5,5.25,5.25,8,7,8,8,9,8,The assistant was helpful because it gave logical answers and valid reasoning for them.,helpful,0,No.,10.0
P_196,en,Female,57,White,High school,Full-time,Widowed,Emotional,SEMA,2.0,2.0,6.5,2.0,6.5,12,11,25,7.0,6.5,5.5,2.5,4.25,4.5,8,4,6,7,7,7,Yes.  Each scenario/suggestion was weighed and broken down clearly.,helpful,0,This was interesting.  Thank you for the opportunity.,10.666666666666666
P_197,en,Female,26,Asian,Undergraduate,Part-time,Single,Financial,SEMA,3.0,3.0,4.5,5.0,4.5,20,10,23,5.0,5.0,5.0,4.75,4.75,4.0,7,6,6,5,7,7,It was helpful for answering questions that I might've overlooked in the situation!,helpful,0,No,11.0
P_198,en,Male,28,White,Undergraduate,Full-time,Married,Financial,MA,3.5,2.0,6.5,6.0,4.5,41,11,32,6.5,5.5,5.5,4.75,3.75,5.0,7,8,10,10,10,10,it helped me identify which parts to care about for financial decisions.,helpful,0,,10.0
P_199,en,Female,36,Black,Undergraduate,Full-time,Married,Financial,Neutral,3.0,2.5,4.5,4.0,4.5,29,10,30,5.5,4.75,4.75,3.75,5.5,5.25,6,7,4,6,6,7,yes they explained a ll my questions in detail,helpful,0,no,10.0
P_200,en,Male,39,Black,Undergraduate,Full-time,Single,Financial,Neutral,1.0,0.5,4.5,2.0,5.0,35,8,21,7.0,6.0,6.5,5.75,6.75,6.25,6,6,6,8,8,8,The assistant did a good job of highlighting the pros and cons of each option.,helpful,0,no,10.666666666666666
P_201,en,Male,18,Asian,College,Unemployed,Single,Financial,Neutral,3.5,1.5,6.5,6.0,5.5,38,10,32,6.75,7.0,5.25,5.25,4.25,4.5,8,7,7,10,10,10,"Yes, it was helpful because it had given rankings based on specific preferences, it had the capability to evaluate and rank them based on what you needed while giving pros and cons.",helpful,0,Please indicate clearer that you must interact with the ai 10 times so that it doesn't take longer.,10.666666666666666
P_202,en,Female,42,White,High school,Other,Married,Emotional,SEMA,3.0,2.5,6.0,4.0,6.0,39,10,27,7.0,6.5,5.0,4.25,6.25,6.5,10,8,7,10,8,8,the suggestions were helpful,helpful,0,,10.0
P_203,en,Female,40,White,Postgraduate,Part-time,Married,Emotional,MA,5.0,2.0,6.0,6.5,6.5,49,12,38,6.25,6.0,6.0,4.75,5.75,5.25,10,10,10,10,10,10,"The AI was useful in offering well-balanced, lucid insights grounded in psychological concepts. It addressed both short-term and long-term strategies, provided workable answers, and aided in decision-making.",helpful,0,,10.0
P_204,en,Male,34,Asian,College,Part-time,Single,Financial,SEMA,2.5,2.0,4.5,4.5,5.0,26,7,21,6.25,4.5,5.0,4.0,4.5,5.5,7,4,5,4,3,6,"AI gave me more information, especially about fitness tracker brand",helpful,0,AI was biased for option c weight loss when option d seemed better,12.0
P_205,en,Female,42,White,Undergraduate,Full-time,Divorced,Financial,MA,4.5,2.5,7.0,5.0,6.5,28,13,44,6.0,6.0,5.0,4.75,5.25,5.75,7,7,7,8,8,8,Very helpful especially at answering my questions regarding differences as well as beneficial aspects of the items compared to each other.,helpful,0,,10.333333333333334
P_206,en,Female,33,White,College,Full-time,Married,Emotional,MA,6.0,0.5,4.0,3.0,6.5,39,12,30,4.5,4.75,5.25,3.25,3.75,5.0,9,7,3,9,9,10,Very helpful. AI alwasy gaev me the pros and cons to all the options availble,helpful,0,I enjoyed it very much,10.0
P_207,en,Female,27,White,Postgraduate,Full-time,Divorced,Financial,MA,3.5,3.5,4.5,4.5,3.5,41,8,25,6.25,6.25,6.25,6.0,6.25,5.75,8,7,8,8,7,8,The assistant help was accurate as it was huge in making my decision,helpful,0,The experiment further shows that AI is the present and the future,10.333333333333334
P_208,en,Male,32,White,High school,Part-time,Single,Financial,Neutral,3.0,4.5,5.0,4.5,5.0,34,8,26,6.25,5.75,5.25,5.0,5.0,5.5,5,5,7,8,8,9,it helped provide good recommendations and details and the responses were easy to understand,helpful,0,none thanks,10.0
P_209,en,Male,35,White,Undergraduate,Full-time,Single,Financial,SEMA,2.5,4.0,6.0,6.0,5.0,33,9,32,5.5,6.0,5.25,4.25,4.75,4.75,6,7,3,6,8,6,"There were some areas that the agent was quite helpful. Specifically, it seemed capable of going through the entire body of user reviews and was able to pick out specific items to answer targeted questions about user experiences. The agent was not very helpful in providing answers to time sensitive questions or location specific items. Specifically, it seemed either unwilling or unable to retrieve details on current promotions for weight loss products. It also was not helpful in learning whether the weight loss products were taxable or non-taxable grocery items. These details seem like they should be readily accessible on the product site.",helpful,1,"(a) On the final scenario, the chatbot seemed to express a preference for Option D. This seemed reasonable because Option D was, seemingly, the best option. But this also gave me cause for concern that maybe it was trying to push the option.  (b) The response wait times seemed very inconsistent. Sometimes it felt like several minutes would pass, other times it would need only a few seconds to respond. I did not know if maybe I was asking too complicated of questions for the longer reply times and simpler questions on the shorter response times. I do not think that I adjusted my asking style, but it was something that I had in the back of my mind.",11.0
P_210,en,Male,43,Black,Postgraduate,Full-time,Married,Financial,SEMA,3.5,0.5,6.0,6.5,6.5,41,12,32,7.0,7.0,7.0,6.0,7.0,7.0,8,9,9,10,10,10,"Yes, I found the assistant to be helpful in making decisions during the experiment. For example the assistant helped me navigate the trade-offs between different options by providing detailed comparisons and weighing the pros and cons. This was particularly useful when deciding between options that offered similar benefits but differed in terms of additional features, costs, or subscription requirements.",helpful,0,No,10.0
P_211,en,Male,37,White,College,Full-time,Single,Financial,SEMA,1.5,3.0,5.0,2.5,6.0,33,5,21,6.5,4.75,6.75,3.5,5.25,5.5,8,6,6,7,8,8,"Yeah honestly it did a pretty good job.  It sort of ignored my preferences a few times but once I reminded it, it explained why it was recommending the other item.  Other than that it didnt miss anything.",helpful,1,no,10.666666666666666
P_212,en,Female,33,White,Undergraduate,Full-time,Single,Financial,SEMA,1.5,3.5,5.5,4.0,5.0,33,12,22,6.0,5.25,6.0,5.25,6.0,4.75,8,8,8,8,8,8,yes it was very helpful. it gave precise answers to the questions i asked,helpful,0,,10.0
P_213,en,Female,49,White,Postgraduate,Full-time,Married,Financial,MA,6.5,0.0,6.5,7.0,6.5,44,14,41,6.5,6.0,6.5,6.5,5.5,4.75,10,10,9,10,9,10,Yes the AI assistant gave me the best choice and made me aware of the brand and its benefits,helpful,0,great study,11.0
P_214,en,Female,19,Black,College,Unemployed,Single,Financial,SEMA,1.5,0.5,5.0,3.0,6.5,8,7,20,6.5,6.75,4.25,3.75,3.75,5.25,8,8,10,6,6,8,"It was slightly helpful, but it didn't provide any mew information that I couldn't already get from the provided descriptions.",unhelpful,0,,10.666666666666666
P_215,en,Male,30,White,College,Full-time,Single,Financial,MA,6.0,1.0,4.5,7.0,7.0,41,10,27,5.5,5.25,6.25,4.5,3.75,5.5,7,7,9,1,2,8,"It did tell me the features of each option and sometimes compared the two I asked about nicely. I might have been mistakenly assuming it could remember previous prompts, so if that's the case my main gripe isn't a concern, but it was extremely frustrating to tell it I didn't want something and have it narrowed to 2 options and ask what it recommended (between the 2) and it recommends an eliminated option because of ""subscription service"" when I had already told it I was not interested in a subscription. Or technology on casual clothes. This happened MULTIPLE times. It seemed to almost be pushing certain products to me when  I could read an option that clearly was a better pick for me go unmentioned. I would've closed out of it a couple of different times if I were using it in a real shopping situation, and I am someone who uses AI daily (but not for shopping).",unhelpful,1,,10.0
P_216,en,Male,30,White,Postgraduate,Full-time,Married,Financial,SEMA,4.5,0.0,7.0,7.0,6.5,41,12,36,6.25,6.5,6.5,5.75,6.5,6.5,9,10,10,9,10,9,Yes it gave me good guidance on the options to choose,helpful,0,no,10.0
P_217,en,Female,33,White,College,Full-time,Married,Financial,SEMA,4.0,2.0,4.5,5.0,5.0,39,10,31,3.5,3.5,3.75,3.25,3.5,3.25,8,8,6,7,8,6,"no, it wasn't needed",unhelpful,0,,10.0
P_218,en,Female,27,White,Undergraduate,Part-time,Single,Financial,MA,3.0,2.5,6.5,5.5,5.5,45,11,29,7.0,6.5,6.75,6.5,6.0,7.0,9,8,6,10,10,10,The AI assistant was very helpful. It assisted me in making the right choice by providing me with detailed information about the various options.,helpful,0,The experiment was an amazing one. I had a good time.,14.666666666666666
P_219,en,Male,33,White,Undergraduate,Full-time,Married,Financial,SEMA,5.5,1.0,6.5,6.0,6.0,42,11,43,5.75,6.75,6.25,6.5,5.0,6.25,5,6,8,9,9,9,It analysed the data and gave findings.,helpful,0,,10.333333333333334
P_220,en,Male,27,White,High school,Unemployed,Single,Financial,MA,1.0,4.0,3.5,2.5,4.0,33,9,11,7.0,4.5,5.75,4.25,4.25,4.25,8,8,8,7,6,4,"I thought that they were very good at affirming my thoughts, but not so good at convincing me of any options in particular. It felt like, if I had strong opinions about one option in particular it would immediately begin to agree with me if I liked it or start to prop up the next if I didn't.",unhelpful,1,I don't have anything else in particular to add. Thank you for the opportunity!,10.0
P_221,en,Male,20,Asian,Undergraduate,Part-time,Single,Financial,SEMA,6.0,2.0,6.5,5.5,6.0,37,13,36,5.5,6.0,5.5,3.75,3.5,6.0,8,7,10,5,4,9,it was helpful but again not sure If i would fully trust AI at this level,helpful,1,AI still needs to get fully mature before some one can fully trust,10.666666666666666
P_222,en,Male,25,Black,Postgraduate,Part-time,Single,Emotional,SEMA,3.0,1.5,6.5,5.0,5.5,34,10,36,6.0,4.5,4.75,4.25,4.75,4.25,7,6,6,6,5,5,The assistant is really helpful and productive,helpful,0,,10.0
P_223,en,Male,31,Black,College,Full-time,Married,Emotional,SEMA,4.5,1.0,6.0,4.5,3.5,46,11,38,6.25,5.25,6.25,6.5,6.5,5.0,8,8,9,9,10,9,"Yes, the assistant was helpful in making decisions by providing clear insights on self-esteem improvement, balancing self-compassion and self-improvement, and fostering a positive mindset, which made the decision-making process easier and enjoyable.",helpful,0,,10.0
P_224,en,Female,35,Asian,Undergraduate,Unemployed,Single,Emotional,SEMA,1.5,3.0,2.0,1.5,4.5,36,4,16,6.25,5.0,6.5,4.5,4.75,6.0,10,10,10,8,8,10,"It was extremely helpful. I felt like it helped clarify details as to what each option actually entailed, and highlighted both upsides and downsides that I wasn't considering. There were a few times that I had to be more specific and re-ask for clarification in a different way, but once I got a more detailed answer, I was satisfied. I appreciated that it seemed to pivot and suggest options that better fit the emotional signals I was giving off, such as preferring my needs getting heard in the friend conflict scenario, or desiring a conservative approach with the boss scenario. I was surprised when it caught on in both instances that I had a preference, even though I wasn't yet intentionally signalling that I had one.",helpful,0,"The three scenarios were well chosen and very relatable. It really forced me to contemplate my preferences. I have a tendency in real life to choose what is socially the more ""correct"" answer, but this experiment allowed me to stop and truly reflect on which options I ACTUALLY preferred. The non-judgmental chatbot was really helpful in getting me to self reflect in an honest way, rather than a people pleasing way. I learned that I really do appreciate the approach that is self compassionate and least confrontational, but that I will compromise for harmony's sake or if there's a chance to express myself in a safe way. Overall, this was a great experiment that helped me learn a lot about myself and how I could have approached previous interpersonal conflicts in a way that was more aligned with my true preferences and values.",10.333333333333334
P_225,en,Male,33,White,Undergraduate,Full-time,Married,Financial,MA,2.0,0.0,4.0,5.5,4.5,38,12,38,5.75,5.75,6.0,3.5,4.0,4.5,6,5,5,9,10,10,"Yes, I thought the assistant kept my preferences in mind when helping make recommendations between the different options presented.",helpful,0,No further comments at this time. Thank you!,10.333333333333334
P_226,en,Male,50,White,Undergraduate,Full-time,Widowed,Financial,SEMA,6.0,0.0,7.0,7.0,5.5,42,14,34,6.5,5.75,6.0,4.25,5.0,7.0,6,7,7,8,8,8,I thought it was a bit over salesman-ish.,unhelpful,1,none,10.0
P_227,en,Female,44,Black,Postgraduate,Part-time,Married,Financial,SEMA,3.5,0.5,7.0,4.5,7.0,41,11,42,6.75,5.25,6.25,5.0,5.5,6.5,9,10,9,10,10,10,Yes. It vividly explained the strongpoints of the option I considered,helpful,0,No,10.0
P_228,en,Female,57,White,College,Full-time,Divorced,Financial,SEMA,2.5,1.0,5.5,5.5,6.0,36,10,35,6.0,5.5,4.75,5.25,4.75,4.5,7,5,6,8,8,7,The AI didn't have much detailed information regarding products or services but helped sort out comparisons,unhelpful,0,,10.666666666666666
P_229,en,Male,31,White,Undergraduate,Other,Married,Financial,MA,4.0,0.5,4.0,4.5,6.5,36,13,37,5.0,2.5,5.0,4.75,5.25,5.0,9,3,4,8,8,9,The assistant was very helpful. It helped me be more thoughtful instead of making quick choices. It also helped me see a slightly different perspective.,helpful,0,,10.5
P_230,en,Female,23,White,High school,Unemployed,Single,Financial,MA,1.0,1.5,5.5,3.5,3.0,14,4,11,6.5,5.75,5.25,3.75,4.25,5.5,2,1,6,7,9,8,I do think the assistant helped make decisions. Through communications it was able to give a list of pros and cons for the options in the different scenarios.,helpful,0,,10.333333333333334
P_231,en,Male,35,White,Postgraduate,Full-time,Married,Emotional,SEMA,3.5,1.5,7.0,5.5,5.5,39,13,34,7.0,7.0,6.25,6.25,4.75,6.25,10,10,10,10,10,10,Very helpful especially in the area of having to deal with conflict with a friend,helpful,0,No please,10.0
P_232,en,Female,36,White,Undergraduate,Full-time,Single,Emotional,SEMA,4.5,2.0,6.5,6.0,6.5,37,12,40,6.25,6.75,5.5,4.5,4.25,5.5,5,5,3,7,5,5,yes he was wise,helpful,0,,10.333333333333334
P_233,en,Female,56,White,College,Full-time,Married,Emotional,SEMA,4.5,1.5,4.0,3.5,5.5,38,9,23,6.25,4.25,4.75,3.75,5.5,4.0,8,3,4,5,6,8,"I think it was informative when it did not repeat the same advice more than once. For example, in the final chat where I discussed my boss with the AI, the AI repeated information about reflection and reflecting, 3 times.  So, it seemed the AI was simply blaming me for the issue with my boss, without giving me more needed advice on when I should talk to my boss, how, etc.  It was helpful in making me decisions when I discussed how I should approach things with a friend, however, and that's because it provided advice I hadn't thought of that much before. With friends, I typically approach problems quickly, rather than taking time to thing more first.",unhelpful,1,"Thank you!  If there are any troubles with my  chats, please let me know and I can withdraw. Rejections harm our ac counts and keep us from working. :(",11.0
